action,path,canonical_target
remove_redundant_view,data/physical_g2_inputs/QICT_REQUESTED_C9_G2_PHYSICAL_ELEMENTS_2026-10-06/02_EXTRA_CHECKPOINTS/QICT_AUTH81_RIESZ_KATO_TO_G2_2026-10-04/certificates/FACTORIZED_B0_KATO_RIESZ_BUFFER_J80_CLUSTER_CERT.json,
remove_redundant_view,data/physical_g2_inputs/QICT_REQUESTED_C9_G2_PHYSICAL_ELEMENTS_2026-10-06/02_EXTRA_CHECKPOINTS/QICT_AUTH81_RIESZ_KATO_TO_G2_2026-10-04/data/FACTORIZED_B0_KATO_RIESZ_BUFFER_J80_CLUSTER.npz,
remove_redundant_view,data/physical_g2_inputs/QICT_REQUESTED_C9_G2_PHYSICAL_ELEMENTS_2026-10-06/02_EXTRA_CHECKPOINTS/QICT_UCONE_DIAMOND_L24_2026-10-04/FACTORIZED_B0_KATO_RIESZ_BUFFER.npz,
remove_redundant_view,data/physical_g2_inputs/QICT_REQUESTED_C9_G2_PHYSICAL_ELEMENTS_2026-10-06/02_EXTRA_CHECKPOINTS/QICT_UCONE_DIAMOND_L24_2026-10-04/FACTORIZED_B0_KATO_RIESZ_BUFFER_CERT.json,
remove_redundant_view,data/physical_g2_inputs/QICT_REQUESTED_C9_G2_PHYSICAL_ELEMENTS_2026-10-06/02_EXTRA_CHECKPOINTS/QICT_UCONE_DIAMOND_L24_2026-10-04/FACTORIZED_B0_KATO_RIESZ_BUFFER_J60.npz,
remove_redundant_view,data/physical_g2_inputs/QICT_REQUESTED_C9_G2_PHYSICAL_ELEMENTS_2026-10-06/02_EXTRA_CHECKPOINTS/QICT_UCONE_DIAMOND_L24_2026-10-04/FACTORIZED_B0_KATO_RIESZ_BUFFER_J60_CERT.json,
remove_redundant_view,data/physical_g2_inputs/QICT_REQUESTED_C9_G2_PHYSICAL_ELEMENTS_2026-10-06/02_EXTRA_CHECKPOINTS/QICT_UCONE_DIAMOND_L24_2026-10-04/FACTORIZED_B0_KATO_RIESZ_BUFFER_J80_CLUSTER.npz,
remove_redundant_view,data/physical_g2_inputs/QICT_REQUESTED_C9_G2_PHYSICAL_ELEMENTS_2026-10-06/02_EXTRA_CHECKPOINTS/QICT_UCONE_DIAMOND_L24_2026-10-04/FACTORIZED_B0_KATO_RIESZ_BUFFER_J80_CLUSTER_CERT.json,
remove_redundant_view,data/physical_g2_inputs/QICT_REQUESTED_C9_G2_PHYSICAL_ELEMENTS_2026-10-06/02_EXTRA_CHECKPOINTS/QICT_UCONE_DIAMOND_L24_2026-10-04/NESTED_KATO_BUFFER_GEOMETRY_CERT.json,
remove_redundant_view,data/physical_g2_inputs/QICT_REQUESTED_C9_G2_PHYSICAL_ELEMENTS_2026-10-06/02_EXTRA_CHECKPOINTS/QICT_UCONE_DIAMOND_L24_2026-10-04/NESTED_KATO_BUFFER_GEOMETRY_L24.npz,
remove_redundant_view,data/physical_g2_inputs/QICT_REQUESTED_C9_G2_PHYSICAL_ELEMENTS_2026-10-06/02_EXTRA_CHECKPOINTS/QICT_UCONE_DIAMOND_L24_2026-10-04/NESTED_KATO_BUFFER_GEOMETRY_L24_V2_IRCANONICAL.npz,
remove_redundant_view,data/physical_g2_inputs/QICT_REQUESTED_C9_G2_PHYSICAL_ELEMENTS_2026-10-06/02_EXTRA_CHECKPOINTS/QICT_UCONE_DIAMOND_L24_2026-10-04/NESTED_KATO_BUFFER_GEOMETRY_V2_IRCANONICAL_CERT.json,
symlink_alias,data/common_physical_chain/L24_N9_CHARGED_RANK6_PRECONTRACTION_PAYLOAD.npz,data/physical_g2_inputs/L24_RANK6_STATE_CONTRACTION_PAYLOAD_2026-10-04/L24_N9_CHARGED_RANK6_PRECONTRACTION_PAYLOAD.npz
symlink_alias,data/physical_g2_inputs/QICT_REQUESTED_C9_G2_PHYSICAL_ELEMENTS_2026-10-06/01_SOURCE_PACKAGES/L24_RANK6_STATE_CONTRACTION_PAYLOAD_2026-10-04/L24_N9_CHARGED_RANK6_PRECONTRACTION_PAYLOAD.npz,data/physical_g2_inputs/L24_RANK6_STATE_CONTRACTION_PAYLOAD_2026-10-04/L24_N9_CHARGED_RANK6_PRECONTRACTION_PAYLOAD.npz
remove_redundant_view,data/physical_g2_inputs/QICT_REQUESTED_C9_G2_PHYSICAL_ELEMENTS_2026-10-06/03_REQUESTED_ELEMENTS/CORE_RECOUPLING/L24_N9_CHARGED_RANK6_PRECONTRACTION_PAYLOAD.npz,data/physical_g2_inputs/L24_RANK6_STATE_CONTRACTION_PAYLOAD_2026-10-04/L24_N9_CHARGED_RANK6_PRECONTRACTION_PAYLOAD.npz
remove_redundant_view,data/physical_g2_inputs/QICT_REQUESTED_C9_G2_PHYSICAL_ELEMENTS_2026-10-06/03_REQUESTED_ELEMENTS/RANK6_EMBEDDING/L24_N9_CHARGED_RANK6_PRECONTRACTION_PAYLOAD.npz,data/physical_g2_inputs/L24_RANK6_STATE_CONTRACTION_PAYLOAD_2026-10-04/L24_N9_CHARGED_RANK6_PRECONTRACTION_PAYLOAD.npz
symlink_alias,data/physical_g2_inputs/QICT_REQUESTED_C9_G2_PHYSICAL_ELEMENTS_2026-10-06/01_SOURCE_PACKAGES/L24_RANK6_STATE_CONTRACTION_PAYLOAD_2026-10-04/components/L24_N9_EXACT_GLOBAL_FIRST_KATO_TANGENT_REEXEC_2026-10-04.npz,data/physical_g2_inputs/L24_RANK6_STATE_CONTRACTION_PAYLOAD_2026-10-04/components/L24_N9_EXACT_GLOBAL_FIRST_KATO_TANGENT_REEXEC_2026-10-04.npz
symlink_alias,data/physical_g2_inputs/QICT_REQUESTED_C9_G2_PHYSICAL_ELEMENTS_2026-10-06/01_SOURCE_PACKAGES/QICT_OBSERVABLE_FIRST_HPC_FINALIZER_V2_2026-10-04/code/compute_cn6_matrix_free.py,code/compute_cn6_matrix_free_physical.py
remove_redundant_view,data/physical_g2_inputs/QICT_REQUESTED_C9_G2_PHYSICAL_ELEMENTS_2026-10-06/03_REQUESTED_ELEMENTS/CN6_MOMENTS/compute_cn6_matrix_free.py,code/compute_cn6_matrix_free_physical.py
remove_redundant_view,data/physical_g2_inputs/QICT_REQUESTED_C9_G2_PHYSICAL_ELEMENTS_2026-10-06/03_REQUESTED_ELEMENTS/KATO_BUFFER/U1_B0_RIESZ_KATO_CERT.json,data/physical_g2_inputs/QICT_REQUESTED_C9_G2_PHYSICAL_ELEMENTS_2026-10-06/01_SOURCE_PACKAGES/QICT_FINAL_RIESZ_KATO_G2_2026-10-04/certificates/U1_B0_RIESZ_KATO_CERT.json
symlink_alias,data/physical_g2_inputs/QICT_REQUESTED_C9_G2_PHYSICAL_ELEMENTS_2026-10-06/01_SOURCE_PACKAGES/L24_RANK6_STATE_CONTRACTION_PAYLOAD_2026-10-04/code/build_precontraction_payload.py,data/physical_g2_inputs/L24_RANK6_STATE_CONTRACTION_PAYLOAD_2026-10-04/code/build_precontraction_payload.py
symlink_alias,data/physical_g2_inputs/QICT_REQUESTED_C9_G2_PHYSICAL_ELEMENTS_2026-10-06/01_SOURCE_PACKAGES/QICT_OBSERVABLE_FIRST_HPC_FINALIZER_V2_2026-10-04/results/G2_ACCEPTANCE_GATE_TEST.json,data/physical_g2_inputs/QICT_REQUESTED_C9_G2_PHYSICAL_ELEMENTS_2026-10-06/01_SOURCE_PACKAGES/QICT_FINAL_RIESZ_KATO_G2_2026-10-04/certificates/PHYSICAL_G2_ACCEPTANCE.json
symlink_alias,data/physical_g2_inputs/QICT_REQUESTED_C9_G2_PHYSICAL_ELEMENTS_2026-10-06/01_SOURCE_PACKAGES/QICT_OBSERVABLE_FIRST_HPC_FINALIZER_V2_2026-10-04/results/current_physical/G2_PHYSICAL_ACCEPTANCE.json,data/physical_g2_inputs/QICT_REQUESTED_C9_G2_PHYSICAL_ELEMENTS_2026-10-06/01_SOURCE_PACKAGES/QICT_FINAL_RIESZ_KATO_G2_2026-10-04/certificates/PHYSICAL_G2_ACCEPTANCE.json
remove_redundant_view,data/physical_g2_inputs/QICT_REQUESTED_C9_G2_PHYSICAL_ELEMENTS_2026-10-06/03_REQUESTED_ELEMENTS/KATO_BUFFER/SU2_B0_ISOLATED_RIESZ_KATO_CERT.json,data/physical_g2_inputs/QICT_REQUESTED_C9_G2_PHYSICAL_ELEMENTS_2026-10-06/01_SOURCE_PACKAGES/QICT_FINAL_RIESZ_KATO_G2_2026-10-04/certificates/SU2_B0_ISOLATED_RIESZ_KATO_CERT.json
symlink_alias,data/physical_g2_inputs/QICT_REQUESTED_C9_G2_PHYSICAL_ELEMENTS_2026-10-06/01_SOURCE_PACKAGES/L24_RANK6_STATE_CONTRACTION_PAYLOAD_2026-10-04/components/C10_R12_LAYERED_DAG.npz,data/physical_g2_inputs/L24_RANK6_STATE_CONTRACTION_PAYLOAD_2026-10-04/components/C10_R12_LAYERED_DAG.npz
remove_redundant_view,data/physical_g2_inputs/QICT_REQUESTED_C9_G2_PHYSICAL_ELEMENTS_2026-10-06/03_REQUESTED_ELEMENTS/C10_SHELL_MAPS/C10_R12_LAYERED_DAG.npz,data/physical_g2_inputs/L24_RANK6_STATE_CONTRACTION_PAYLOAD_2026-10-04/components/C10_R12_LAYERED_DAG.npz
symlink_alias,data/physical_g2_inputs/QICT_REQUESTED_C9_G2_PHYSICAL_ELEMENTS_2026-10-06/01_SOURCE_PACKAGES/L24_RANK6_STATE_CONTRACTION_PAYLOAD_2026-10-04/MANIFEST_SHA256.json,data/physical_g2_inputs/L24_RANK6_STATE_CONTRACTION_PAYLOAD_2026-10-04/MANIFEST_SHA256.json
symlink_alias,data/physical_g2_inputs/QICT_REQUESTED_C9_G2_PHYSICAL_ELEMENTS_2026-10-06/01_SOURCE_PACKAGES/L24_RANK6_STATE_CONTRACTION_PAYLOAD_2026-10-04/components/L24_N9_EXACT_SU2_SECOND_KRYLOV_CONNECTED_FROM_CLASSES.npz,data/physical_g2_inputs/L24_RANK6_STATE_CONTRACTION_PAYLOAD_2026-10-04/components/L24_N9_EXACT_SU2_SECOND_KRYLOV_CONNECTED_FROM_CLASSES.npz
remove_redundant_view,data/physical_g2_inputs/QICT_REQUESTED_C9_G2_PHYSICAL_ELEMENTS_2026-10-06/03_REQUESTED_ELEMENTS/CORE_RECOUPLING/L24_N9_EXACT_SU2_SECOND_KRYLOV_CONNECTED_FROM_CLASSES.npz,data/physical_g2_inputs/L24_RANK6_STATE_CONTRACTION_PAYLOAD_2026-10-04/components/L24_N9_EXACT_SU2_SECOND_KRYLOV_CONNECTED_FROM_CLASSES.npz
symlink_alias,data/physical_g2_inputs/QICT_REQUESTED_C9_G2_PHYSICAL_ELEMENTS_2026-10-06/01_SOURCE_PACKAGES/L24_RANK6_STATE_CONTRACTION_PAYLOAD_2026-10-04/code/check_physical_payload_completion.py,data/physical_g2_inputs/L24_RANK6_STATE_CONTRACTION_PAYLOAD_2026-10-04/code/check_physical_payload_completion.py
symlink_alias,data/physical_g2_inputs/QICT_REQUESTED_C9_G2_PHYSICAL_ELEMENTS_2026-10-06/01_SOURCE_PACKAGES/L24_RANK6_STATE_CONTRACTION_PAYLOAD_2026-10-04/components/N9_RELATIVE_CONE_IR.npz,data/physical_g2_inputs/L24_RANK6_STATE_CONTRACTION_PAYLOAD_2026-10-04/components/N9_RELATIVE_CONE_IR.npz
symlink_alias,data/physical_g2_inputs/QICT_REQUESTED_C9_G2_PHYSICAL_ELEMENTS_2026-10-06/01_SOURCE_PACKAGES/QICT_OBSERVABLE_FIRST_HPC_FINALIZER_V2_2026-10-04/code/c11/c11_error_certified_positivity.py,code/c11/c11_error_certified_positivity.py
remove_redundant_view,data/physical_g2_inputs/QICT_REQUESTED_C9_G2_PHYSICAL_ELEMENTS_2026-10-06/03_REQUESTED_ELEMENTS/KATO_BUFFER/SU2_B0_ISOLATED_KATO_CERT.json,data/physical_g2_inputs/QICT_REQUESTED_C9_G2_PHYSICAL_ELEMENTS_2026-10-06/01_SOURCE_PACKAGES/QICT_FINAL_RIESZ_KATO_G2_2026-10-04/certificates/SU2_B0_ISOLATED_KATO_CERT.json
symlink_alias,data/physical_g2_inputs/QICT_REQUESTED_C9_G2_PHYSICAL_ELEMENTS_2026-10-06/01_SOURCE_PACKAGES/QICT_OBSERVABLE_FIRST_HPC_FINALIZER_V2_2026-10-04/code/c11/c11_support_complexity_certificate.py,code/c11/c11_support_complexity_certificate.py
remove_redundant_view,data/physical_g2_inputs/QICT_REQUESTED_C9_G2_PHYSICAL_ELEMENTS_2026-10-06/03_REQUESTED_ELEMENTS/CN6_MOMENTS/generate_cn6_taskgraph.py,data/physical_g2_inputs/QICT_REQUESTED_C9_G2_PHYSICAL_ELEMENTS_2026-10-06/01_SOURCE_PACKAGES/QICT_PHYSICAL_G2_READY_2026-10-04/code/generate_cn6_taskgraph.py
remove_redundant_view,data/physical_g2_inputs/QICT_REQUESTED_C9_G2_PHYSICAL_ELEMENTS_2026-10-06/03_REQUESTED_ELEMENTS/KATO_BUFFER/U1_B0_COMPONENT_KATO_CERT.json,data/physical_g2_inputs/QICT_REQUESTED_C9_G2_PHYSICAL_ELEMENTS_2026-10-06/01_SOURCE_PACKAGES/QICT_FINAL_RIESZ_KATO_G2_2026-10-04/certificates/U1_B0_COMPONENT_KATO_CERT.json
symlink_alias,data/physical_g2_inputs/QICT_REQUESTED_C9_G2_PHYSICAL_ELEMENTS_2026-10-06/01_SOURCE_PACKAGES/QICT_PHYSICAL_G2_READY_2026-10-04/STEP4_STRICT_CHECKPOINT_MANIFEST.json,data/physical_g2_inputs/QICT_REQUESTED_C9_G2_PHYSICAL_ELEMENTS_2026-10-06/01_SOURCE_PACKAGES/QICT_OBSERVABLE_FIRST_HPC_FINALIZER_V2_2026-10-04/STEP4_STRICT_CHECKPOINT_MANIFEST.json
remove_redundant_view,data/physical_g2_inputs/QICT_REQUESTED_C9_G2_PHYSICAL_ELEMENTS_2026-10-06/03_REQUESTED_ELEMENTS/GLOBAL_CHARGED_UCONE/STEP4_STRICT_CHECKPOINT_MANIFEST.json,data/physical_g2_inputs/QICT_REQUESTED_C9_G2_PHYSICAL_ELEMENTS_2026-10-06/01_SOURCE_PACKAGES/QICT_OBSERVABLE_FIRST_HPC_FINALIZER_V2_2026-10-04/STEP4_STRICT_CHECKPOINT_MANIFEST.json
remove_redundant_view,data/physical_g2_inputs/QICT_REQUESTED_C9_G2_PHYSICAL_ELEMENTS_2026-10-06/03_REQUESTED_ELEMENTS/KATO_BUFFER/B0_FACTORIZED_GAUGE_RIESZ_CONTROL_CERT.json,data/physical_g2_inputs/QICT_REQUESTED_C9_G2_PHYSICAL_ELEMENTS_2026-10-06/01_SOURCE_PACKAGES/QICT_FINAL_RIESZ_KATO_G2_2026-10-04/riesz_kato/B0_FACTORIZED_GAUGE_RIESZ_CONTROL_CERT.json
symlink_alias,data/physical_g2_inputs/QICT_REQUESTED_C9_G2_PHYSICAL_ELEMENTS_2026-10-06/01_SOURCE_PACKAGES/L24_RANK6_STATE_CONTRACTION_PAYLOAD_2026-10-04/components/L24_N9_CHARGED_LOCAL_BLOCKS_DETERMINISTIC.json,data/physical_g2_inputs/L24_RANK6_STATE_CONTRACTION_PAYLOAD_2026-10-04/components/L24_N9_CHARGED_LOCAL_BLOCKS_DETERMINISTIC.json
symlink_alias,data/physical_g2_inputs/QICT_REQUESTED_C9_G2_PHYSICAL_ELEMENTS_2026-10-06/01_SOURCE_PACKAGES/L24_RANK6_STATE_CONTRACTION_PAYLOAD_2026-10-04/components/L24_N9_EXACT_SU2_SECOND_KRYLOV_CONNECTED_FROM_CLASSES.json,data/physical_g2_inputs/L24_RANK6_STATE_CONTRACTION_PAYLOAD_2026-10-04/components/L24_N9_EXACT_SU2_SECOND_KRYLOV_CONNECTED_FROM_CLASSES.json
remove_redundant_view,data/physical_g2_inputs/QICT_REQUESTED_C9_G2_PHYSICAL_ELEMENTS_2026-10-06/03_REQUESTED_ELEMENTS/CORE_RECOUPLING/L24_N9_EXACT_SU2_SECOND_KRYLOV_CONNECTED_FROM_CLASSES.json,data/physical_g2_inputs/L24_RANK6_STATE_CONTRACTION_PAYLOAD_2026-10-04/components/L24_N9_EXACT_SU2_SECOND_KRYLOV_CONNECTED_FROM_CLASSES.json
symlink_alias,data/physical_g2_inputs/QICT_REQUESTED_C9_G2_PHYSICAL_ELEMENTS_2026-10-06/01_SOURCE_PACKAGES/L24_RANK6_STATE_CONTRACTION_PAYLOAD_2026-10-04/L24_N9_CHARGED_RANK6_PRECONTRACTION_CERTIFICATE.json,data/physical_g2_inputs/L24_RANK6_STATE_CONTRACTION_PAYLOAD_2026-10-04/L24_N9_CHARGED_RANK6_PRECONTRACTION_CERTIFICATE.json
remove_redundant_view,data/physical_g2_inputs/QICT_REQUESTED_C9_G2_PHYSICAL_ELEMENTS_2026-10-06/03_REQUESTED_ELEMENTS/CORE_RECOUPLING/L24_N9_CHARGED_RANK6_PRECONTRACTION_CERTIFICATE.json,data/physical_g2_inputs/L24_RANK6_STATE_CONTRACTION_PAYLOAD_2026-10-04/L24_N9_CHARGED_RANK6_PRECONTRACTION_CERTIFICATE.json
remove_redundant_view,data/physical_g2_inputs/QICT_REQUESTED_C9_G2_PHYSICAL_ELEMENTS_2026-10-06/03_REQUESTED_ELEMENTS/RANK6_EMBEDDING/L24_N9_CHARGED_RANK6_PRECONTRACTION_CERTIFICATE.json,data/physical_g2_inputs/L24_RANK6_STATE_CONTRACTION_PAYLOAD_2026-10-04/L24_N9_CHARGED_RANK6_PRECONTRACTION_CERTIFICATE.json
symlink_alias,data/physical_g2_inputs/QICT_REQUESTED_C9_G2_PHYSICAL_ELEMENTS_2026-10-06/01_SOURCE_PACKAGES/L24_RANK6_STATE_CONTRACTION_PAYLOAD_2026-10-04/components/L24_N9_EXACT_SECOND_ORDER_KATO_SEED_REEXEC_2026-10-04.json,data/physical_g2_inputs/L24_RANK6_STATE_CONTRACTION_PAYLOAD_2026-10-04/components/L24_N9_EXACT_SECOND_ORDER_KATO_SEED_REEXEC_2026-10-04.json
symlink_alias,data/physical_g2_inputs/QICT_REQUESTED_C9_G2_PHYSICAL_ELEMENTS_2026-10-06/01_SOURCE_PACKAGES/QICT_PHYSICAL_G2_READY_2026-10-04/PHYSICAL_INPUT_CONTRACT_L24.json,data/physical_g2_inputs/QICT_REQUESTED_C9_G2_PHYSICAL_ELEMENTS_2026-10-06/01_SOURCE_PACKAGES/QICT_OBSERVABLE_FIRST_HPC_FINALIZER_V2_2026-10-04/PHYSICAL_INPUT_CONTRACT_L24.json
symlink_alias,data/physical_g2_inputs/L24_RANK6_STATE_CONTRACTION_PAYLOAD_2026-10-04/code/source_certified_causal_cone_rank6.py,code/physical_source_certified_causal_cone_rank6.py
symlink_alias,data/physical_g2_inputs/QICT_REQUESTED_C9_G2_PHYSICAL_ELEMENTS_2026-10-06/01_SOURCE_PACKAGES/L24_RANK6_STATE_CONTRACTION_PAYLOAD_2026-10-04/code/source_certified_causal_cone_rank6.py,code/physical_source_certified_causal_cone_rank6.py
symlink_alias,data/physical_g2_inputs/QICT_REQUESTED_C9_G2_PHYSICAL_ELEMENTS_2026-10-06/01_SOURCE_PACKAGES/QICT_PHYSICAL_G2_READY_2026-10-04/code/certified_causal_cone_rank6.py,code/physical_source_certified_causal_cone_rank6.py
remove_redundant_view,data/physical_g2_inputs/QICT_REQUESTED_C9_G2_PHYSICAL_ELEMENTS_2026-10-06/03_REQUESTED_ELEMENTS/GLOBAL_CHARGED_UCONE/certified_causal_cone_rank6.py,code/physical_source_certified_causal_cone_rank6.py
remove_redundant_view,data/physical_g2_inputs/QICT_REQUESTED_C9_G2_PHYSICAL_ELEMENTS_2026-10-06/03_REQUESTED_ELEMENTS/RANK6_EMBEDDING/certified_causal_cone_rank6.py,code/physical_source_certified_causal_cone_rank6.py
remove_redundant_view,data/physical_g2_inputs/QICT_REQUESTED_C9_G2_PHYSICAL_ELEMENTS_2026-10-06/03_REQUESTED_ELEMENTS/RANK6_EMBEDDING/source_certified_causal_cone_rank6.py,code/physical_source_certified_causal_cone_rank6.py
symlink_alias,data/physical_g2_inputs/QICT_REQUESTED_C9_G2_PHYSICAL_ELEMENTS_2026-10-06/01_SOURCE_PACKAGES/L24_RANK6_STATE_CONTRACTION_PAYLOAD_2026-10-04/components/L24_N9_EXACT_GLOBAL_FIRST_KATO_TANGENT_REEXEC_2026-10-04.json,data/physical_g2_inputs/L24_RANK6_STATE_CONTRACTION_PAYLOAD_2026-10-04/components/L24_N9_EXACT_GLOBAL_FIRST_KATO_TANGENT_REEXEC_2026-10-04.json
remove_redundant_view,data/physical_g2_inputs/QICT_REQUESTED_C9_G2_PHYSICAL_ELEMENTS_2026-10-06/03_REQUESTED_ELEMENTS/KATO_BUFFER/FACTORIZED_B0_KATO_RIESZ_BUFFER_J80_CLUSTER__56af13b7.npz,data/physical_g2_inputs/QICT_REQUESTED_C9_G2_PHYSICAL_ELEMENTS_2026-10-06/03_REQUESTED_ELEMENTS/KATO_BUFFER/FACTORIZED_B0_KATO_RIESZ_BUFFER_J80_CLUSTER.npz
remove_redundant_view,data/physical_g2_inputs/QICT_REQUESTED_C9_G2_PHYSICAL_ELEMENTS_2026-10-06/03_REQUESTED_ELEMENTS/KATO_BUFFER/SU2_B0_ISOLATED_KATO_STATES.npz,data/physical_g2_inputs/QICT_REQUESTED_C9_G2_PHYSICAL_ELEMENTS_2026-10-06/01_SOURCE_PACKAGES/QICT_FINAL_RIESZ_KATO_G2_2026-10-04/certificates/SU2_B0_ISOLATED_KATO_STATES.npz
remove_redundant_view,data/physical_g2_inputs/QICT_REQUESTED_C9_G2_PHYSICAL_ELEMENTS_2026-10-06/03_REQUESTED_ELEMENTS/GLOBAL_CHARGED_UCONE/STEP4_STRICT_EXTERNAL_CERTIFICATE.json,data/physical_g2_inputs/QICT_REQUESTED_C9_G2_PHYSICAL_ELEMENTS_2026-10-06/01_SOURCE_PACKAGES/QICT_PHYSICAL_G2_READY_2026-10-04/certificates/STEP4_STRICT_EXTERNAL_CERTIFICATE.json
symlink_alias,data/physical_g2_inputs/QICT_REQUESTED_C9_G2_PHYSICAL_ELEMENTS_2026-10-06/01_SOURCE_PACKAGES/QICT_OBSERVABLE_FIRST_HPC_FINALIZER_V2_2026-10-04/code/provider_contract.py,code/provider_contract.py
symlink_alias,data/physical_g2_inputs/QICT_REQUESTED_C9_G2_PHYSICAL_ELEMENTS_2026-10-06/01_SOURCE_PACKAGES/L24_RANK6_STATE_CONTRACTION_PAYLOAD_2026-10-04/components/C10_SHELL_R12_PLANE_SWEEP_IR.npz,data/physical_g2_inputs/L24_RANK6_STATE_CONTRACTION_PAYLOAD_2026-10-04/components/C10_SHELL_R12_PLANE_SWEEP_IR.npz
remove_redundant_view,data/physical_g2_inputs/QICT_REQUESTED_C9_G2_PHYSICAL_ELEMENTS_2026-10-06/03_REQUESTED_ELEMENTS/C10_SHELL_MAPS/C10_SHELL_R12_PLANE_SWEEP_IR.npz,data/physical_g2_inputs/L24_RANK6_STATE_CONTRACTION_PAYLOAD_2026-10-04/components/C10_SHELL_R12_PLANE_SWEEP_IR.npz
symlink_alias,data/physical_g2_inputs/QICT_REQUESTED_C9_G2_PHYSICAL_ELEMENTS_2026-10-06/01_SOURCE_PACKAGES/L24_RANK6_STATE_CONTRACTION_PAYLOAD_2026-10-04/components/C10_SHELL_PLANE_SWEEP_CERTIFICATE.json,data/physical_g2_inputs/L24_RANK6_STATE_CONTRACTION_PAYLOAD_2026-10-04/components/C10_SHELL_PLANE_SWEEP_CERTIFICATE.json
remove_redundant_view,data/physical_g2_inputs/QICT_REQUESTED_C9_G2_PHYSICAL_ELEMENTS_2026-10-06/03_REQUESTED_ELEMENTS/C10_SHELL_MAPS/C10_SHELL_PLANE_SWEEP_CERTIFICATE.json,data/physical_g2_inputs/L24_RANK6_STATE_CONTRACTION_PAYLOAD_2026-10-04/components/C10_SHELL_PLANE_SWEEP_CERTIFICATE.json
symlink_alias,data/physical_g2_inputs/QICT_REQUESTED_C9_G2_PHYSICAL_ELEMENTS_2026-10-06/01_SOURCE_PACKAGES/QICT_FINAL_RIESZ_KATO_G2_2026-10-04/certificates/U1_B0_RIESZ_KATO_COMPONENTS.npz,data/common_physical_chain/U1_B0_RIESZ_KATO_COMPONENTS.npz
remove_redundant_view,data/physical_g2_inputs/QICT_REQUESTED_C9_G2_PHYSICAL_ELEMENTS_2026-10-06/03_REQUESTED_ELEMENTS/KATO_BUFFER/U1_B0_RIESZ_KATO_COMPONENTS.npz,data/common_physical_chain/U1_B0_RIESZ_KATO_COMPONENTS.npz
symlink_alias,data/physical_g2_inputs/QICT_REQUESTED_C9_G2_PHYSICAL_ELEMENTS_2026-10-06/01_SOURCE_PACKAGES/QICT_FINAL_RIESZ_KATO_G2_2026-10-04/certificates/SU2_B0_ISOLATED_RIESZ_KATO.npz,data/common_physical_chain/SU2_B0_ISOLATED_RIESZ_KATO.npz
remove_redundant_view,data/physical_g2_inputs/QICT_REQUESTED_C9_G2_PHYSICAL_ELEMENTS_2026-10-06/03_REQUESTED_ELEMENTS/KATO_BUFFER/SU2_B0_ISOLATED_RIESZ_KATO.npz,data/common_physical_chain/SU2_B0_ISOLATED_RIESZ_KATO.npz
remove_redundant_view,data/physical_g2_inputs/QICT_REQUESTED_C9_G2_PHYSICAL_ELEMENTS_2026-10-06/03_REQUESTED_ELEMENTS/KATO_BUFFER/NESTED_KATO_BUFFER_GEOMETRY_CERT.json,data/physical_g2_inputs/QICT_REQUESTED_C9_G2_PHYSICAL_ELEMENTS_2026-10-06/01_SOURCE_PACKAGES/QICT_FINAL_RIESZ_KATO_G2_2026-10-04/certificates/NESTED_KATO_BUFFER_GEOMETRY_CERT.json
remove_redundant_view,data/physical_g2_inputs/QICT_REQUESTED_C9_G2_PHYSICAL_ELEMENTS_2026-10-06/03_REQUESTED_ELEMENTS/KATO_BUFFER/NESTED_KATO_BUFFER_GEOMETRY_CERT__5ab96492.json,data/physical_g2_inputs/QICT_REQUESTED_C9_G2_PHYSICAL_ELEMENTS_2026-10-06/01_SOURCE_PACKAGES/QICT_FINAL_RIESZ_KATO_G2_2026-10-04/certificates/NESTED_KATO_BUFFER_GEOMETRY_CERT.json
remove_redundant_view,data/physical_g2_inputs/QICT_REQUESTED_C9_G2_PHYSICAL_ELEMENTS_2026-10-06/03_REQUESTED_ELEMENTS/GLOBAL_CHARGED_UCONE/BOUNDARY_CONDITIONED_UCONE_PROVIDER_SELFTEST.json,data/physical_g2_inputs/QICT_REQUESTED_C9_G2_PHYSICAL_ELEMENTS_2026-10-06/01_SOURCE_PACKAGES/QICT_FINAL_RIESZ_KATO_G2_2026-10-04/certificates/BOUNDARY_CONDITIONED_UCONE_PROVIDER_SELFTEST.json
symlink_alias,data/physical_g2_inputs/QICT_REQUESTED_C9_G2_PHYSICAL_ELEMENTS_2026-10-06/01_SOURCE_PACKAGES/QICT_OBSERVABLE_FIRST_HPC_FINALIZER_V2_2026-10-04/code/run_c11_after_cn6.py,code/run_c11_after_cn6_physical.py
symlink_alias,data/physical_g2_inputs/QICT_REQUESTED_C9_G2_PHYSICAL_ELEMENTS_2026-10-06/01_SOURCE_PACKAGES/L24_RANK6_STATE_CONTRACTION_PAYLOAD_2026-10-04/components/C10_R12_SHELL_GEOMETRY_CERTIFICATE.json,data/physical_g2_inputs/L24_RANK6_STATE_CONTRACTION_PAYLOAD_2026-10-04/components/C10_R12_SHELL_GEOMETRY_CERTIFICATE.json
remove_redundant_view,data/physical_g2_inputs/QICT_REQUESTED_C9_G2_PHYSICAL_ELEMENTS_2026-10-06/03_REQUESTED_ELEMENTS/C10_SHELL_MAPS/C10_R12_SHELL_GEOMETRY_CERTIFICATE.json,data/physical_g2_inputs/L24_RANK6_STATE_CONTRACTION_PAYLOAD_2026-10-04/components/C10_R12_SHELL_GEOMETRY_CERTIFICATE.json
symlink_alias,data/physical_g2_inputs/QICT_REQUESTED_C9_G2_PHYSICAL_ELEMENTS_2026-10-06/01_SOURCE_PACKAGES/L24_RANK6_STATE_CONTRACTION_PAYLOAD_2026-10-04/components/L24_N9_EXACT_CHARGED_LOCAL_LAYER.json,data/physical_g2_inputs/L24_RANK6_STATE_CONTRACTION_PAYLOAD_2026-10-04/components/L24_N9_EXACT_CHARGED_LOCAL_LAYER.json
remove_redundant_view,data/physical_g2_inputs/QICT_REQUESTED_C9_G2_PHYSICAL_ELEMENTS_2026-10-06/03_REQUESTED_ELEMENTS/GLOBAL_CHARGED_UCONE/L24_N9_EXACT_CHARGED_LOCAL_LAYER.json,data/physical_g2_inputs/L24_RANK6_STATE_CONTRACTION_PAYLOAD_2026-10-04/components/L24_N9_EXACT_CHARGED_LOCAL_LAYER.json
symlink_alias,data/physical_g2_inputs/QICT_REQUESTED_C9_G2_PHYSICAL_ELEMENTS_2026-10-06/01_SOURCE_PACKAGES/QICT_FINAL_RIESZ_KATO_G2_2026-10-04/certificates/NESTED_KATO_BUFFER_GEOMETRY_L24.npz,data/common_physical_chain/NESTED_KATO_BUFFER_GEOMETRY_L24.npz
remove_redundant_view,data/physical_g2_inputs/QICT_REQUESTED_C9_G2_PHYSICAL_ELEMENTS_2026-10-06/03_REQUESTED_ELEMENTS/KATO_BUFFER/NESTED_KATO_BUFFER_GEOMETRY_L24.npz,data/common_physical_chain/NESTED_KATO_BUFFER_GEOMETRY_L24.npz
remove_redundant_view,data/physical_g2_inputs/QICT_REQUESTED_C9_G2_PHYSICAL_ELEMENTS_2026-10-06/03_REQUESTED_ELEMENTS/KATO_BUFFER/NESTED_KATO_BUFFER_GEOMETRY_L24__2c9fc983.npz,data/common_physical_chain/NESTED_KATO_BUFFER_GEOMETRY_L24.npz
remove_redundant_view,data/physical_g2_inputs/QICT_REQUESTED_C9_G2_PHYSICAL_ELEMENTS_2026-10-06/03_REQUESTED_ELEMENTS/GLOBAL_CHARGED_UCONE/BOUNDARY_CONDITIONED_UCONE_KERNEL_CERT.json,data/physical_g2_inputs/QICT_REQUESTED_C9_G2_PHYSICAL_ELEMENTS_2026-10-06/01_SOURCE_PACKAGES/QICT_FINAL_RIESZ_KATO_G2_2026-10-04/certificates/BOUNDARY_CONDITIONED_UCONE_KERNEL_CERT.json
symlink_alias,data/physical_g2_inputs/QICT_REQUESTED_C9_G2_PHYSICAL_ELEMENTS_2026-10-06/01_SOURCE_PACKAGES/QICT_OBSERVABLE_FIRST_HPC_FINALIZER_V2_2026-10-04/code/c11/c11_block_pencil.py,code/c11/c11_block_pencil.py
symlink_alias,data/physical_g2_inputs/QICT_REQUESTED_C9_G2_PHYSICAL_ELEMENTS_2026-10-06/01_SOURCE_PACKAGES/QICT_FINAL_RIESZ_KATO_G2_2026-10-04/certificates/BOUNDARY_CONDITIONED_UCONE_KERNEL_L24.npz,data/common_physical_chain/BOUNDARY_CONDITIONED_UCONE_KERNEL_L24.npz
remove_redundant_view,data/physical_g2_inputs/QICT_REQUESTED_C9_G2_PHYSICAL_ELEMENTS_2026-10-06/03_REQUESTED_ELEMENTS/GLOBAL_CHARGED_UCONE/BOUNDARY_CONDITIONED_UCONE_KERNEL_L24.npz,data/common_physical_chain/BOUNDARY_CONDITIONED_UCONE_KERNEL_L24.npz
symlink_alias,data/physical_g2_inputs/QICT_REQUESTED_C9_G2_PHYSICAL_ELEMENTS_2026-10-06/03_REQUESTED_ELEMENTS/CN6_MOMENTS/CN6_MOMENTS_L24.npz,data/physical_g2_inputs/QICT_REQUESTED_C9_G2_PHYSICAL_ELEMENTS_2026-10-06/01_SOURCE_PACKAGES/QICT_OBSERVABLE_FIRST_HPC_FINALIZER_V2_2026-10-04/results/synthetic_c11/CN6_MOMENTS_L24.npz
symlink_alias,data/physical_g2_inputs/QICT_REQUESTED_C9_G2_PHYSICAL_ELEMENTS_2026-10-06/01_SOURCE_PACKAGES/L24_RANK6_STATE_CONTRACTION_PAYLOAD_2026-10-04/components/QICT_LATTICE_ACTION_FREEZE_V3.canonical.json,data/physical_g2_inputs/L24_RANK6_STATE_CONTRACTION_PAYLOAD_2026-10-04/components/QICT_LATTICE_ACTION_FREEZE_V3.canonical.json
symlink_alias,data/physical_g2_inputs/QICT_REQUESTED_C9_G2_PHYSICAL_ELEMENTS_2026-10-06/01_SOURCE_PACKAGES/QICT_KATO_C10_NINE_MASS_EXECUTION_2026-10-01/input/QICT_LATTICE_ACTION_FREEZE_V3.canonical.json,data/physical_g2_inputs/L24_RANK6_STATE_CONTRACTION_PAYLOAD_2026-10-04/components/QICT_LATTICE_ACTION_FREEZE_V3.canonical.json
symlink_alias,data/physical_g2_inputs/QICT_REQUESTED_C9_G2_PHYSICAL_ELEMENTS_2026-10-06/01_SOURCE_PACKAGES/QICT_FINAL_RIESZ_KATO_G2_2026-10-04/code/matrix_free_riesz_kato.py,code/matrix_free_riesz_kato_physical.py
symlink_alias,data/physical_g2_inputs/QICT_REQUESTED_C9_G2_PHYSICAL_ELEMENTS_2026-10-06/01_SOURCE_PACKAGES/L24_RANK6_STATE_CONTRACTION_PAYLOAD_2026-10-04/L24_PHYSICAL_PAYLOAD_COMPLETION_STATUS.json,data/physical_g2_inputs/L24_RANK6_STATE_CONTRACTION_PAYLOAD_2026-10-04/L24_PHYSICAL_PAYLOAD_COMPLETION_STATUS.json
symlink_alias,data/physical_g2_inputs/QICT_REQUESTED_C9_G2_PHYSICAL_ELEMENTS_2026-10-06/01_SOURCE_PACKAGES/L24_RANK6_STATE_CONTRACTION_PAYLOAD_2026-10-04/components/C10_SHELL_R10_PLANE_SWEEP_IR.npz,data/physical_g2_inputs/L24_RANK6_STATE_CONTRACTION_PAYLOAD_2026-10-04/components/C10_SHELL_R10_PLANE_SWEEP_IR.npz
remove_redundant_view,data/physical_g2_inputs/QICT_REQUESTED_C9_G2_PHYSICAL_ELEMENTS_2026-10-06/03_REQUESTED_ELEMENTS/C10_SHELL_MAPS/C10_SHELL_R10_PLANE_SWEEP_IR.npz,data/physical_g2_inputs/L24_RANK6_STATE_CONTRACTION_PAYLOAD_2026-10-04/components/C10_SHELL_R10_PLANE_SWEEP_IR.npz
symlink_alias,data/physical_g2_inputs/QICT_REQUESTED_C9_G2_PHYSICAL_ELEMENTS_2026-10-06/00_CONTRACT_AND_STATUS/PHYSICAL_L24_PAYLOAD_CONTRACT(1).json,data/physical_g2_inputs/L24_RANK6_STATE_CONTRACTION_PAYLOAD_2026-10-04/schemas/PHYSICAL_L24_PAYLOAD_CONTRACT.json
symlink_alias,data/physical_g2_inputs/QICT_REQUESTED_C9_G2_PHYSICAL_ELEMENTS_2026-10-06/01_SOURCE_PACKAGES/L24_RANK6_STATE_CONTRACTION_PAYLOAD_2026-10-04/schemas/PHYSICAL_L24_PAYLOAD_CONTRACT.json,data/physical_g2_inputs/L24_RANK6_STATE_CONTRACTION_PAYLOAD_2026-10-04/schemas/PHYSICAL_L24_PAYLOAD_CONTRACT.json
symlink_alias,data/physical_g2_inputs/L24_RANK6_STATE_CONTRACTION_PAYLOAD_2026-10-04/code/source_boundary_provider.py,code/physical_source_boundary_provider.py
symlink_alias,data/physical_g2_inputs/QICT_REQUESTED_C9_G2_PHYSICAL_ELEMENTS_2026-10-06/01_SOURCE_PACKAGES/L24_RANK6_STATE_CONTRACTION_PAYLOAD_2026-10-04/code/source_boundary_provider.py,code/physical_source_boundary_provider.py
symlink_alias,data/physical_g2_inputs/QICT_REQUESTED_C9_G2_PHYSICAL_ELEMENTS_2026-10-06/01_SOURCE_PACKAGES/QICT_PHYSICAL_G2_READY_2026-10-04/code/charged_C10_Kato_boundary_tensor_and_recoupled_plaquette_block_provider.py,code/physical_source_boundary_provider.py
remove_redundant_view,data/physical_g2_inputs/QICT_REQUESTED_C9_G2_PHYSICAL_ELEMENTS_2026-10-06/03_REQUESTED_ELEMENTS/BOUNDARY_TO_PATH/charged_C10_Kato_boundary_tensor_and_recoupled_plaquette_block_provider.py,code/physical_source_boundary_provider.py
remove_redundant_view,data/physical_g2_inputs/QICT_REQUESTED_C9_G2_PHYSICAL_ELEMENTS_2026-10-06/03_REQUESTED_ELEMENTS/BOUNDARY_TO_PATH/source_boundary_provider.py,code/physical_source_boundary_provider.py
remove_redundant_view,data/physical_g2_inputs/QICT_REQUESTED_C9_G2_PHYSICAL_ELEMENTS_2026-10-06/03_REQUESTED_ELEMENTS/C10_SHELL_MAPS/charged_C10_Kato_boundary_tensor_and_recoupled_plaquette_block_provider.py,code/physical_source_boundary_provider.py
remove_redundant_view,data/physical_g2_inputs/QICT_REQUESTED_C9_G2_PHYSICAL_ELEMENTS_2026-10-06/03_REQUESTED_ELEMENTS/CORE_RECOUPLING/charged_C10_Kato_boundary_tensor_and_recoupled_plaquette_block_provider.py,code/physical_source_boundary_provider.py
remove_redundant_view,data/physical_g2_inputs/QICT_REQUESTED_C9_G2_PHYSICAL_ELEMENTS_2026-10-06/03_REQUESTED_ELEMENTS/RANK6_EMBEDDING/source_boundary_provider.py,code/physical_source_boundary_provider.py
symlink_alias,data/physical_g2_inputs/L24_RANK6_STATE_CONTRACTION_PAYLOAD_2026-10-04/code/source_localized_riesz_kato.py,code/physical_source_localized_riesz_kato.py
symlink_alias,data/physical_g2_inputs/QICT_REQUESTED_C9_G2_PHYSICAL_ELEMENTS_2026-10-06/01_SOURCE_PACKAGES/L24_RANK6_STATE_CONTRACTION_PAYLOAD_2026-10-04/code/source_localized_riesz_kato.py,code/physical_source_localized_riesz_kato.py
symlink_alias,data/physical_g2_inputs/QICT_REQUESTED_C9_G2_PHYSICAL_ELEMENTS_2026-10-06/01_SOURCE_PACKAGES/QICT_PHYSICAL_G2_READY_2026-10-04/code/localized_riesz_kato.py,code/physical_source_localized_riesz_kato.py
remove_redundant_view,data/physical_g2_inputs/QICT_REQUESTED_C9_G2_PHYSICAL_ELEMENTS_2026-10-06/03_REQUESTED_ELEMENTS/KATO_BUFFER/B0_FACTORIZED_GAUGE_RIESZ_CONTROL.npz,data/physical_g2_inputs/QICT_REQUESTED_C9_G2_PHYSICAL_ELEMENTS_2026-10-06/01_SOURCE_PACKAGES/QICT_FINAL_RIESZ_KATO_G2_2026-10-04/riesz_kato/B0_FACTORIZED_GAUGE_RIESZ_CONTROL.npz
symlink_alias,data/physical_g2_inputs/QICT_REQUESTED_C9_G2_PHYSICAL_ELEMENTS_2026-10-06/01_SOURCE_PACKAGES/QICT_KATO_C10_NINE_MASS_EXECUTION_2026-10-01/input/KATO_STRICT_K0_K12_48_CP.npz,data/common_physical_chain/KATO_STRICT_K0_K12_48_CP.npz
remove_redundant_view,data/physical_g2_inputs/QICT_REQUESTED_C9_G2_PHYSICAL_ELEMENTS_2026-10-06/03_REQUESTED_ELEMENTS/KATO_BUFFER/LEGACY_KATO_STRICT_K0_K12_48_CP.npz,data/common_physical_chain/KATO_STRICT_K0_K12_48_CP.npz
remove_redundant_view,data/physical_g2_inputs/QICT_REQUESTED_C9_G2_PHYSICAL_ELEMENTS_2026-10-06/03_REQUESTED_ELEMENTS/GLOBAL_CHARGED_UCONE/GLOBAL_CHARGED_UCONE_PROVIDER_TEMPLATE.py,data/physical_g2_inputs/QICT_REQUESTED_C9_G2_PHYSICAL_ELEMENTS_2026-10-06/01_SOURCE_PACKAGES/QICT_OBSERVABLE_FIRST_HPC_FINALIZER_V2_2026-10-04/templates/GLOBAL_CHARGED_UCONE_PROVIDER_TEMPLATE.py
remove_redundant_view,data/physical_g2_inputs/QICT_REQUESTED_C9_G2_PHYSICAL_ELEMENTS_2026-10-06/03_REQUESTED_ELEMENTS/KATO_BUFFER/U1_B0_COMPONENT_KATO_STATES.npz,data/physical_g2_inputs/QICT_REQUESTED_C9_G2_PHYSICAL_ELEMENTS_2026-10-06/01_SOURCE_PACKAGES/QICT_FINAL_RIESZ_KATO_G2_2026-10-04/certificates/U1_B0_COMPONENT_KATO_STATES.npz
symlink_alias,data/physical_g2_inputs/QICT_REQUESTED_C9_G2_PHYSICAL_ELEMENTS_2026-10-06/01_SOURCE_PACKAGES/L24_RANK6_STATE_CONTRACTION_PAYLOAD_2026-10-04/components/C9_L24_STRICT_EXECUTION_GATE_RECHECK_2026-10-04.json,data/physical_g2_inputs/L24_RANK6_STATE_CONTRACTION_PAYLOAD_2026-10-04/components/C9_L24_STRICT_EXECUTION_GATE_RECHECK_2026-10-04.json
remove_redundant_view,data/physical_g2_inputs/QICT_REQUESTED_C9_G2_PHYSICAL_ELEMENTS_2026-10-06/03_REQUESTED_ELEMENTS/GLOBAL_CHARGED_UCONE/C9_L24_STRICT_EXECUTION_GATE_RECHECK_2026-10-04.json,data/physical_g2_inputs/L24_RANK6_STATE_CONTRACTION_PAYLOAD_2026-10-04/components/C9_L24_STRICT_EXECUTION_GATE_RECHECK_2026-10-04.json
remove_redundant_view,data/physical_g2_inputs/QICT_REQUESTED_C9_G2_PHYSICAL_ELEMENTS_2026-10-06/03_REQUESTED_ELEMENTS/CN6_MOMENTS/CN6_ERROR_CERTIFICATE_L24.json,data/physical_g2_inputs/QICT_REQUESTED_C9_G2_PHYSICAL_ELEMENTS_2026-10-06/01_SOURCE_PACKAGES/QICT_OBSERVABLE_FIRST_HPC_FINALIZER_V2_2026-10-04/results/synthetic_c11/CN6_ERROR_CERTIFICATE_L24.json
symlink_alias,data/physical_g2_inputs/QICT_REQUESTED_C9_G2_PHYSICAL_ELEMENTS_2026-10-06/01_SOURCE_PACKAGES/L24_RANK6_STATE_CONTRACTION_PAYLOAD_2026-10-04/README.md,data/physical_g2_inputs/L24_RANK6_STATE_CONTRACTION_PAYLOAD_2026-10-04/README.md
symlink_alias,data/physical_g2_inputs/QICT_REQUESTED_C9_G2_PHYSICAL_ELEMENTS_2026-10-06/01_SOURCE_PACKAGES/QICT_OBSERVABLE_FIRST_HPC_FINALIZER_V2_2026-10-04/code/g2_physical_acceptance_gate.py,data/physical_g2_inputs/QICT_REQUESTED_C9_G2_PHYSICAL_ELEMENTS_2026-10-06/01_SOURCE_PACKAGES/QICT_FINAL_RIESZ_KATO_G2_2026-10-04/code/g2_physical_acceptance_gate.py
symlink_alias,data/physical_g2_inputs/QICT_REQUESTED_C9_G2_PHYSICAL_ELEMENTS_2026-10-06/01_SOURCE_PACKAGES/L24_RANK6_STATE_CONTRACTION_PAYLOAD_2026-10-04/components/C10_SHELL_R11_PLANE_SWEEP_IR.npz,data/physical_g2_inputs/L24_RANK6_STATE_CONTRACTION_PAYLOAD_2026-10-04/components/C10_SHELL_R11_PLANE_SWEEP_IR.npz
remove_redundant_view,data/physical_g2_inputs/QICT_REQUESTED_C9_G2_PHYSICAL_ELEMENTS_2026-10-06/03_REQUESTED_ELEMENTS/C10_SHELL_MAPS/C10_SHELL_R11_PLANE_SWEEP_IR.npz,data/physical_g2_inputs/L24_RANK6_STATE_CONTRACTION_PAYLOAD_2026-10-04/components/C10_SHELL_R11_PLANE_SWEEP_IR.npz
remove_redundant_view,data/physical_g2_inputs/QICT_REQUESTED_C9_G2_PHYSICAL_ELEMENTS_2026-10-06/03_REQUESTED_ELEMENTS/KATO_BUFFER/FACTORIZED_B0_KATO_RIESZ_BUFFER_J80_CLUSTER_CERT__de74d417.json,data/physical_g2_inputs/QICT_REQUESTED_C9_G2_PHYSICAL_ELEMENTS_2026-10-06/03_REQUESTED_ELEMENTS/KATO_BUFFER/FACTORIZED_B0_KATO_RIESZ_BUFFER_J80_CLUSTER_CERT.json
