container,original_path,sha256,bytes,stored_as,matches,error
QICT_ALL_RESULTS_EXECUTIONS_CERTIFICATIONS_PART2_2026-10-03_TO_2026-10-04(1).zip,RESULTS/QICT_L24_CHARGED_CLUSTER_PRODUCTION_NOPRUNE_2026-10-04/PRODUCTION_STATUS.json,811ef1a33dea0fe60edd16a9de7a6f3806edeeaec119b65cf3898369e83255da,906,artifacts/811ef1a33dea0fe6_PRODUCTION_STATUS.json,su3,
QICT_ALL_RESULTS_EXECUTIONS_CERTIFICATIONS_PART2_2026-10-03_TO_2026-10-04(1).zip,RESULTS/QICT_L24_CHARGED_CLUSTER_PRODUCTION_NOPRUNE_2026-10-04/README.md,6723a501b8321c603ec5ddbaa1e6f332f3165284c6de488c64791704b549a946,867,artifacts/6723a501b8321c60_README.md,su3,
QICT_ALL_RESULTS_EXECUTIONS_CERTIFICATIONS_PART2_2026-10-03_TO_2026-10-04(1).zip,RESULTS/QICT_L24_CHARGED_CLUSTER_STEP4_CANONICAL_2026-10-04/TIGHTENED_CUTOFF_PLAN.csv,e643073ba9f118de92455a42dfe6ad95de362dd53a4d5c3977424214a4fdb34b,702,artifacts/e643073ba9f118de_TIGHTENED_CUTOFF_PLAN.csv,su3,
QICT_ALL_RESULTS_EXECUTIONS_CERTIFICATIONS_PART2_2026-10-03_TO_2026-10-04(1).zip,RESULTS/QICT_L24_CHARGED_CLUSTER_STEP4_CANONICAL_2026-10-04/TIGHTENED_CUTOFF_PLAN.json,b64738c0aeff97e3b16f041bf6008688b43f03731f48695614c3bc2c7fc927b1,2621,artifacts/b64738c0aeff97e3_TIGHTENED_CUTOFF_PLAN.json,su3,
QICT_ALL_RESULTS_EXECUTIONS_CERTIFICATIONS_PART2_2026-10-03_TO_2026-10-04(1).zip!RESULTS/QICT_PHYSICAL_G2_READY_2026-10-04.zip,QICT_PHYSICAL_G2_READY_2026-10-04/code/generate_cn6_taskgraph.py,5288df3fff20ff9875504b534e727eec141e65c03225fd62c0da8b638f915fbc,3854,artifacts/5288df3fff20ff98_generate_cn6_taskgraph.py,su3,
QICT_ALL_RESULTS_EXECUTIONS_CERTIFICATIONS_PART2_2026-10-03_TO_2026-10-04(1).zip!RESULTS/QICT_PHYSICAL_G2_READY_2026-10-04.zip,QICT_PHYSICAL_G2_READY_2026-10-04/code/certified_causal_cone_rank6.py,781e13615228c7f131ce97709d71210da7bd2bb59006ce99749ec5e60ef73d47,17513,artifacts/781e13615228c7f1_certified_causal_cone_rank6.py,su3,
QICT_ALL_RESULTS_EXECUTIONS_CERTIFICATIONS_PART2_2026-10-03_TO_2026-10-04(1).zip!RESULTS/QICT_PHYSICAL_G2_READY_2026-10-04.zip,QICT_PHYSICAL_G2_READY_2026-10-04/preflight/CN6_PREFLIGHT_POST_STEP4.json,999c83cbc7143a1a4dac10a489bbe274feaa6823f5f96eb312a7d6b75bed20b5,4842,artifacts/999c83cbc7143a1a_CN6_PREFLIGHT_POST_STEP4.json,su3,
QICT_ALL_RESULTS_EXECUTIONS_CERTIFICATIONS_PART2_2026-10-03_TO_2026-10-04(1).zip!RESULTS/QICT_PHYSICAL_G2_READY_2026-10-04.zip,QICT_PHYSICAL_G2_READY_2026-10-04/preflight/CN6_PREFLIGHT_POST_STEP4.csv,95a9f8453627254188888895e9e110f0c2f33db6e62405b8552ba70491222874,356,artifacts/95a9f84536272541_CN6_PREFLIGHT_POST_STEP4.csv,su3,
QICT_ALL_RESULTS_EXECUTIONS_CERTIFICATIONS_PART2_2026-10-03_TO_2026-10-04(1).zip,RESULTS/QICT_PHYSICAL_G2_READY_2026-10-04/code/certified_causal_cone_rank6.py,781e13615228c7f131ce97709d71210da7bd2bb59006ce99749ec5e60ef73d47,17513,artifacts/781e13615228c7f1_certified_causal_cone_rank6.py,su3,
QICT_ALL_RESULTS_EXECUTIONS_CERTIFICATIONS_PART2_2026-10-03_TO_2026-10-04(1).zip,RESULTS/QICT_PHYSICAL_G2_READY_2026-10-04/code/generate_cn6_taskgraph.py,5288df3fff20ff9875504b534e727eec141e65c03225fd62c0da8b638f915fbc,3854,artifacts/5288df3fff20ff98_generate_cn6_taskgraph.py,su3,
QICT_ALL_RESULTS_EXECUTIONS_CERTIFICATIONS_PART2_2026-10-03_TO_2026-10-04(1).zip,RESULTS/QICT_PHYSICAL_G2_READY_2026-10-04/preflight/CN6_PREFLIGHT_POST_STEP4.csv,95a9f8453627254188888895e9e110f0c2f33db6e62405b8552ba70491222874,356,artifacts/95a9f84536272541_CN6_PREFLIGHT_POST_STEP4.csv,su3,
QICT_ALL_RESULTS_EXECUTIONS_CERTIFICATIONS_PART2_2026-10-03_TO_2026-10-04(1).zip,RESULTS/QICT_PHYSICAL_G2_READY_2026-10-04/preflight/CN6_PREFLIGHT_POST_STEP4.json,999c83cbc7143a1a4dac10a489bbe274feaa6823f5f96eb312a7d6b75bed20b5,4842,artifacts/999c83cbc7143a1a_CN6_PREFLIGHT_POST_STEP4.json,su3,
QICT_ALL_RESULTS_EXECUTIONS_CERTIFICATIONS_PART2_2026-10-03_TO_2026-10-04(1).zip,RESULTS/QICT_TASK4_L24_BEST_CURRENT_2026-10-04/PRODUCTION_STATUS.json,811ef1a33dea0fe60edd16a9de7a6f3806edeeaec119b65cf3898369e83255da,906,artifacts/811ef1a33dea0fe6_PRODUCTION_STATUS.json,su3,
QICT_ALL_RESULTS_EXECUTIONS_CERTIFICATIONS_PART2_2026-10-03_TO_2026-10-04(1).zip,RESULTS/QICT_TASK4_L24_BEST_CURRENT_2026-10-04/README.md,723eff6f6502863d5fff1c75389dcc92f9001f5e838801f44a62e9da1482701f,1167,artifacts/723eff6f6502863d_README.md,su3,
QICT_ALL_RESULTS_EXECUTIONS_CERTIFICATIONS_PART2_2026-10-03_TO_2026-10-04(1).zip,RESULTS/QICT_TASK4_L24_BEST_CURRENT_2026-10-04/TIGHTENED_CUTOFF_PLAN.csv,e643073ba9f118de92455a42dfe6ad95de362dd53a4d5c3977424214a4fdb34b,702,artifacts/e643073ba9f118de_TIGHTENED_CUTOFF_PLAN.csv,su3,
QICT_ALL_RESULTS_EXECUTIONS_CERTIFICATIONS_PART2_2026-10-03_TO_2026-10-04(1).zip,RESULTS/QICT_TASK4_L24_BEST_CURRENT_2026-10-04/TIGHTENED_CUTOFF_PLAN.json,b64738c0aeff97e3b16f041bf6008688b43f03731f48695614c3bc2c7fc927b1,2621,artifacts/b64738c0aeff97e3_TIGHTENED_CUTOFF_PLAN.json,su3,
QICT_ALL_RESULTS_EXECUTIONS_CERTIFICATIONS_PART2_2026-10-03_TO_2026-10-04(1).zip,RESULTS/_QICT_MASTER_DEDUP_INDEX_2026-10-04/ALL_DISK_ARTIFACTS_SINCE_2026-10-03.csv,84dd06c7df5ceabfa9e0bfb578ca7e2385f369388de541e60887773de5045474,3141813,artifacts/84dd06c7df5ceabf_ALL_DISK_ARTIFACTS_SINCE_2026-10-03.csv,su3,
QICT_ALL_RESULTS_EXECUTIONS_CERTIFICATIONS_PART2_2026-10-03_TO_2026-10-04(1).zip,RESULTS/_QICT_MASTER_DEDUP_INDEX_2026-10-04/EXCLUDED_LIST.csv,674dba088c9d2e3e918b6311dddbb37f76d62aa071894638feadda7dc93093c5,438841,artifacts/674dba088c9d2e3e_EXCLUDED_LIST.csv,su3,
QICT_ALL_RESULTS_EXECUTIONS_CERTIFICATIONS_PART2_2026-10-03_TO_2026-10-04(1).zip,RESULTS/_QICT_MASTER_INDEX_2026-10-04/ALL_DISK_ARTIFACTS_SINCE_2026-10-03.csv,cd83ecb68bf0e6052dca4a10abbfb6276e89d0de8cc2faec4cd0d0289db2f18b,3143926,artifacts/cd83ecb68bf0e605_ALL_DISK_ARTIFACTS_SINCE_2026-10-03.csv,su3,
QICT_ALL_RESULTS_EXECUTIONS_CERTIFICATIONS_PART2_2026-10-03_TO_2026-10-04(1).zip,RESULTS/_QICT_MASTER_INDEX_2026-10-04/EXCLUDED_LIST.csv,1a8542f36cfd17e3ada8f75962fa73cd8f4ff2df64416ad516e738f0134fa315,440954,artifacts/1a8542f36cfd17e3_EXCLUDED_LIST.csv,su3,
QICT_ALL_RESULTS_EXECUTIONS_CERTIFICATIONS_PART2_2026-10-03_TO_2026-10-04(1).zip,RESULTS/_baseline/QICT_KATO_C10_NINE_MASS_EXECUTION_2026-10-01/input/QICT_LATTICE_ACTION_FREEZE_V3.canonical.json,c22ff80fcb94204984a65debf7e5636ef1d4e6caad89cf8fd6934dfdb8f684b7,1781,artifacts/c22ff80fcb942049_QICT_LATTICE_ACTION_FREEZE_V3.canonical.json,su3,
QICT_ALL_RESULTS_EXECUTIONS_CERTIFICATIONS_PART2_2026-10-03_TO_2026-10-04(1).zip,RESULTS/_inspect_qict/certified_causal_cone_rank6.py,781e13615228c7f131ce97709d71210da7bd2bb59006ce99749ec5e60ef73d47,17513,artifacts/781e13615228c7f1_certified_causal_cone_rank6.py,su3,
QICT_ALL_RESULTS_EXECUTIONS_CERTIFICATIONS_PART2_2026-10-03_TO_2026-10-04(1).zip,RESULTS/_qict_candidates_since_yesterday.txt,8443ecbabfc1d144250b64e1e30e600929b813828510d1bcd9269089a985ffb4,142628,artifacts/8443ecbabfc1d144__qict_candidates_since_yesterday.txt,su3,
QICT_ALL_RESULTS_EXECUTIONS_CERTIFICATIONS_PART2_2026-10-03_TO_2026-10-04(1).zip,RESULTS/lattice_v3/QICT_LATTICE_ACTION_FREEZE_V3.canonical.json,c22ff80fcb94204984a65debf7e5636ef1d4e6caad89cf8fd6934dfdb8f684b7,1781,artifacts/c22ff80fcb942049_QICT_LATTICE_ACTION_FREEZE_V3.canonical.json,su3,
QICT_ALL_RESULTS_EXECUTIONS_CERTIFICATIONS_PART2_2026-10-03_TO_2026-10-04(1).zip,RESULTS/qict_work/certificates/CAUSAL_CONE_HPC_PREFLIGHT.json,999c83cbc7143a1a4dac10a489bbe274feaa6823f5f96eb312a7d6b75bed20b5,4842,artifacts/999c83cbc7143a1a_CN6_PREFLIGHT_POST_STEP4.json,su3,
QICT_ALL_RESULTS_EXECUTIONS_CERTIFICATIONS_PART2_2026-10-03_TO_2026-10-04(1).zip,RESULTS/qict_work/certificates/CAUSAL_PREFLIGHT_MEDIUM.json,f9328e198cef7d1f42f8d66665e94153888106c0643ff1b7fabea9735a397d25,4842,artifacts/f9328e198cef7d1f_CAUSAL_PREFLIGHT_MEDIUM.json,su3,
QICT_ALL_RESULTS_EXECUTIONS_CERTIFICATIONS_PART2_2026-10-03_TO_2026-10-04(1).zip,RESULTS/qict_work/certificates/CAUSAL_PREFLIGHT_WITH_PAYLOAD.json,c238e36009043801c1de2a86a5db25ffca35b7da7cb06ce42c6527c75896fad9,7657,artifacts/c238e36009043801_CAUSAL_PREFLIGHT_WITH_PAYLOAD.json,su3,
QICT_ALL_RESULTS_EXECUTIONS_CERTIFICATIONS_PART2_2026-10-03_TO_2026-10-04(1).zip,RESULTS/qict_work/certificates/CN6_CERTIFIED_TASKGRAPH.json,96c12b3e9c2acc5ddf0591c91a74aea24cca70ef87092df24677dc5607d5621f,234493,artifacts/96c12b3e9c2acc5d_CN6_CERTIFIED_TASKGRAPH.json,su3,
QICT_ALL_RESULTS_EXECUTIONS_CERTIFICATIONS_PART2_2026-10-03_TO_2026-10-04(1).zip,RESULTS/qict_work/certificates/CN6_TASKGRAPH_MEDIUM.json,96c12b3e9c2acc5ddf0591c91a74aea24cca70ef87092df24677dc5607d5621f,234493,artifacts/96c12b3e9c2acc5d_CN6_CERTIFIED_TASKGRAPH.json,su3,
QICT_ALL_RESULTS_EXECUTIONS_CERTIFICATIONS_PART2_2026-10-03_TO_2026-10-04(1).zip,RESULTS/qict_work/certificates/MULTIVOLUME_REGULATOR_CERTIFICATE.json,1f907d32ae08e4fe9a8e75aecdd5c62ace95b3a1ef244fa1677a449c03dc961b,5236,artifacts/1f907d32ae08e4fe_MULTIVOLUME_REGULATOR_CERTIFICATE.json,su3,
QICT_ALL_RESULTS_EXECUTIONS_CERTIFICATIONS_PART2_2026-10-03_TO_2026-10-04(1).zip,RESULTS/qict_work/certificates/NEUTRAL_GAUGE_FACTORIZATION_AND_COLOR_REDUCTION.json,2c8bade0aca15370d40bf692315d6c9ecfb5c25e31eb132878368cfa035c1228,1604,artifacts/2c8bade0aca15370_NEUTRAL_GAUGE_FACTORIZATION_AND_COLOR_REDUCTION.json,su3;color;quark,
QICT_ALL_RESULTS_EXECUTIONS_CERTIFICATIONS_PART2_2026-10-03_TO_2026-10-04(1).zip,RESULTS/qict_work/kernel/data/QICT_LATTICE_ACTION_FREEZE_V3.canonical.json,c22ff80fcb94204984a65debf7e5636ef1d4e6caad89cf8fd6934dfdb8f684b7,1781,artifacts/c22ff80fcb942049_QICT_LATTICE_ACTION_FREEZE_V3.canonical.json,su3,
QICT_ALL_RESULTS_EXECUTIONS_CERTIFICATIONS_PART2_2026-10-03_TO_2026-10-04(1).zip,RESULTS/qict_work/kernel/results/TASK4_CLOSURE_RECHECK_2026-10-04/CAUSAL_PREFLIGHT_CORRECTED.csv,95a9f8453627254188888895e9e110f0c2f33db6e62405b8552ba70491222874,356,artifacts/95a9f84536272541_CN6_PREFLIGHT_POST_STEP4.csv,su3,
QICT_ALL_RESULTS_EXECUTIONS_CERTIFICATIONS_PART2_2026-10-03_TO_2026-10-04(1).zip,RESULTS/qict_work/kernel/results/TASK4_CLOSURE_RECHECK_2026-10-04/CAUSAL_PREFLIGHT_CORRECTED.json,6635298f3e20a414e124f3b3d7e42b26acbd7d3669862a241320668d7010af6a,5020,artifacts/6635298f3e20a414_CAUSAL_PREFLIGHT_CORRECTED.json,su3,
QICT_ALL_RESULTS_EXECUTIONS_CERTIFICATIONS_PART2_2026-10-03_TO_2026-10-04(1).zip,RESULTS/work_g2_final/best/QICT_TASK4_L24_BEST_CURRENT_2026-10-04/PRODUCTION_STATUS.json,811ef1a33dea0fe60edd16a9de7a6f3806edeeaec119b65cf3898369e83255da,906,artifacts/811ef1a33dea0fe6_PRODUCTION_STATUS.json,su3,
QICT_ALL_RESULTS_EXECUTIONS_CERTIFICATIONS_PART2_2026-10-03_TO_2026-10-04(1).zip,RESULTS/work_g2_final/best/QICT_TASK4_L24_BEST_CURRENT_2026-10-04/README.md,723eff6f6502863d5fff1c75389dcc92f9001f5e838801f44a62e9da1482701f,1167,artifacts/723eff6f6502863d_README.md,su3,
QICT_ALL_RESULTS_EXECUTIONS_CERTIFICATIONS_PART2_2026-10-03_TO_2026-10-04(1).zip,RESULTS/work_g2_final/best/QICT_TASK4_L24_BEST_CURRENT_2026-10-04/TIGHTENED_CUTOFF_PLAN.csv,e643073ba9f118de92455a42dfe6ad95de362dd53a4d5c3977424214a4fdb34b,702,artifacts/e643073ba9f118de_TIGHTENED_CUTOFF_PLAN.csv,su3,
QICT_ALL_RESULTS_EXECUTIONS_CERTIFICATIONS_PART2_2026-10-03_TO_2026-10-04(1).zip,RESULTS/work_g2_final/best/QICT_TASK4_L24_BEST_CURRENT_2026-10-04/TIGHTENED_CUTOFF_PLAN.json,b64738c0aeff97e3b16f041bf6008688b43f03731f48695614c3bc2c7fc927b1,2621,artifacts/b64738c0aeff97e3_TIGHTENED_CUTOFF_PLAN.json,su3,
QICT_ALL_RESULTS_EXECUTIONS_CERTIFICATIONS_PART1_2026-10-03_TO_2026-10-04(1).zip,MASTER_FULL_DISK_INDEX/ALL_DISK_ARTIFACTS_SINCE_2026-10-03.csv,4a9f94b9829f5954a10789ee9756d2e3b5c676bd81e6778c650c73ce041efcc8,3142720,artifacts/4a9f94b9829f5954_ALL_DISK_ARTIFACTS_SINCE_2026-10-03.csv,su3,
QICT_ALL_RESULTS_EXECUTIONS_CERTIFICATIONS_PART1_2026-10-03_TO_2026-10-04(1).zip,MASTER_FULL_DISK_INDEX/EXCLUDED_LIST.csv,bfca79c76be18c47b4afa39f5a46dd2bb1e5f94c3b6fe9f294c0e0c08dd869b5,439748,artifacts/bfca79c76be18c47_EXCLUDED_LIST.csv,su3,
QICT_ALL_RESULTS_EXECUTIONS_CERTIFICATIONS_PART1_2026-10-03_TO_2026-10-04(1).zip!RESULTS/L24_RANK6_STATE_CONTRACTION_PAYLOAD_2026-10-04.zip,L24_RANK6_STATE_CONTRACTION_PAYLOAD_2026-10-04/code/source_certified_causal_cone_rank6.py,781e13615228c7f131ce97709d71210da7bd2bb59006ce99749ec5e60ef73d47,17513,artifacts/781e13615228c7f1_certified_causal_cone_rank6.py,su3,
QICT_ALL_RESULTS_EXECUTIONS_CERTIFICATIONS_PART1_2026-10-03_TO_2026-10-04(1).zip!RESULTS/L24_RANK6_STATE_CONTRACTION_PAYLOAD_2026-10-04.zip,L24_RANK6_STATE_CONTRACTION_PAYLOAD_2026-10-04/components/QICT_LATTICE_ACTION_FREEZE_V3.canonical.json,c22ff80fcb94204984a65debf7e5636ef1d4e6caad89cf8fd6934dfdb8f684b7,1781,artifacts/c22ff80fcb942049_QICT_LATTICE_ACTION_FREEZE_V3.canonical.json,su3,
QICT_ALL_RESULTS_EXECUTIONS_CERTIFICATIONS_PART1_2026-10-03_TO_2026-10-04(1).zip,RESULTS/L24_RANK6_STATE_CONTRACTION_PAYLOAD_2026-10-04/code/source_certified_causal_cone_rank6.py,781e13615228c7f131ce97709d71210da7bd2bb59006ce99749ec5e60ef73d47,17513,artifacts/781e13615228c7f1_certified_causal_cone_rank6.py,su3,
QICT_ALL_RESULTS_EXECUTIONS_CERTIFICATIONS_PART1_2026-10-03_TO_2026-10-04(1).zip,RESULTS/L24_RANK6_STATE_CONTRACTION_PAYLOAD_2026-10-04/components/QICT_LATTICE_ACTION_FREEZE_V3.canonical.json,c22ff80fcb94204984a65debf7e5636ef1d4e6caad89cf8fd6934dfdb8f684b7,1781,artifacts/c22ff80fcb942049_QICT_LATTICE_ACTION_FREEZE_V3.canonical.json,su3,
QICT_ALL_RESULTS_EXECUTIONS_CERTIFICATIONS_PART1_2026-10-03_TO_2026-10-04(1).zip,RESULTS/QICT_CHARGED_CLUSTER_R9/CN6_PREFLIGHT_POST_STEP4.csv,95a9f8453627254188888895e9e110f0c2f33db6e62405b8552ba70491222874,356,artifacts/95a9f84536272541_CN6_PREFLIGHT_POST_STEP4.csv,su3,
QICT_ALL_RESULTS_EXECUTIONS_CERTIFICATIONS_PART1_2026-10-03_TO_2026-10-04(1).zip,RESULTS/QICT_CHARGED_CLUSTER_R9/CN6_PREFLIGHT_POST_STEP4.json,999c83cbc7143a1a4dac10a489bbe274feaa6823f5f96eb312a7d6b75bed20b5,4842,artifacts/999c83cbc7143a1a_CN6_PREFLIGHT_POST_STEP4.json,su3,
