relative_radial_offset,G2_edge_real,G2_edge_imag,residue_est_real,residue_est_imag,abs_residue_error
0.0001,4.806595743057599,0.030893406881696506,0.0004806607221053485,2.905275025652688e-06,5.211558874923191e-05
3e-05,14.793518939712856,0.033372277169353426,0.0004438059190407777,8.312158059465574e-07,1.5202483759757914e-05
1e-05,43.364459359392136,0.044193642097024255,0.0004336447310341622,2.758750315144352e-07,5.026131680418418e-06
3e-06,143.37577766590965,0.08247881767088072,0.00043012739621497113,8.27219897343871e-08,1.5034974109205364e-06
1e-06,429.1261269211394,0.19190390103863153,0.0004291261688824395,2.7572847128948808e-08,5.007523795522291e-07
3e-07,1429.2536537761375,0.5748960979443021,0.0004287761305345129,8.27181881868385e-09,1.5018230853293915e-07
1e-07,4286.761245547745,1.6691599898011917,0.0004286761568374041,2.757272286395349e-09,5.005663581655637e-08
3e-08,14288.037931294204,5.4990836750928604,0.00042864116995567877,8.271817036342194e-10,1.5016556728220816e-08
1e-08,42863.11470301046,16.441723084236415,0.00042863117407628096,2.7572723577975796e-10,5.005477517386913e-09
3e-09,142875.8802181496,54.74096020932117,0.00042862767555770017,8.271817279527471e-11,1.501638942545666e-09
1e-09,428626.62524026027,164.16734025525253,0.00042862667598468076,2.7572725345137987e-11,5.005459191445368e-10
