N,ground_energy,W_half,ground_vector_negative_component_count,ground_vector_min_positive_component
6,10.678118208964674,0.8122982367769074,0,0.007427741925756962
8,10.677936684952426,0.8123368352611172,0,0.0002411974413636829
10,10.67793655645496,0.8123368752027856,0,3.7697445505262604e-06
12,10.677936556432375,0.8123368752121687,0,3.1635448794477765e-08
16,10.677936556432376,0.8123368752121694,0,4.653808988717018e-13
20,10.677936556432378,0.8123368752121694,0,1.2067393545687438e-18
24,10.677936556432376,0.8123368752121691,0,7.444076132864613e-25
32,10.677936556432382,0.8123368752121685,0,7.898505864470765e-29
48,10.67793655643238,0.8123368752121694,0,3.083182778161685e-23
64,10.677936556432376,0.8123368752121695,0,2.930961608282574e-30
80,10.677936556432375,0.8123368752121698,0,3.612479089202166e-17
