R,su3_tail
14,0.0000000055778424071458750550364397942947661
15,0.00000000062131229470917973748202709064761147
16,6.5190916547475670204166614240037539e-11
17,6.4646363411885854201449675985086682e-12
18,6.0768235805438881849413618465487005e-13
19,5.4293978931746117319904129022073061e-14
20,4.621954176498756742664745915771385e-15
21,3.7571558983166951739968423245372272e-16
22,2.922333140925840594206623374027512e-17
23,2.1789206369457870725505617514751716e-18
24,1.5600344163716826608923178199453568e-19
