path,bytes,sha256
00_CONTRACT_AND_STATUS/FINAL_RESULTS_README.txt,263,b38ad622af0ba1e01749797724aa1ebeff868525ec399dd7fbe8014fdfeb43d6
00_CONTRACT_AND_STATUS/FINAL_RESULTS_STATUS.json,8627,d4d98fd6dd01b6850a57fe51cf109fc5dc05d916a3113540e104b3d22263d82f
00_CONTRACT_AND_STATUS/PHYSICAL_C9_G2_HARD_STOP_2026-10-05(1).json,4974,f73d66ab535601fc1cf8d609b9b7fb133318c5fd34ab73c4557e7324dca46389
00_CONTRACT_AND_STATUS/PHYSICAL_L24_PAYLOAD_CONTRACT(1).json,2467,d2ed1d412872f88fa7a93dc168af70662733504de8d625376e4349f6232f0230
01_SOURCE_PACKAGES/L24_RANK6_STATE_CONTRACTION_PAYLOAD_2026-10-04/L24_N9_CHARGED_RANK6_PRECONTRACTION_CERTIFICATE.json,2323,68f5e41fc36d6744af693855c6423f6e1c20dcf475f316c824dba1b0b7c51204
01_SOURCE_PACKAGES/L24_RANK6_STATE_CONTRACTION_PAYLOAD_2026-10-04/L24_N9_CHARGED_RANK6_PRECONTRACTION_PAYLOAD.npz,1787389,020d21f11ce948de0cfa37889e9e050edaf5796e0b2c75fba740bb685dd20c29
01_SOURCE_PACKAGES/L24_RANK6_STATE_CONTRACTION_PAYLOAD_2026-10-04/L24_PHYSICAL_PAYLOAD_COMPLETION_STATUS.json,826,c4ae76aa84008d125a98a7f76f32cffe387968f1f2ac4c10e2fb6335fe069586
01_SOURCE_PACKAGES/L24_RANK6_STATE_CONTRACTION_PAYLOAD_2026-10-04/MANIFEST_SHA256.json,4817,2d18080fd7ac3bcb9ce9a45113e26e1f8d37e77aa8785f2a371821cd3d89c997
01_SOURCE_PACKAGES/L24_RANK6_STATE_CONTRACTION_PAYLOAD_2026-10-04/MANIFEST_SHA256.txt,2989,af0097eba3b3fb1b4eb15d1e3dd0785ffc84a22535323ae467c7afe878334ef6
01_SOURCE_PACKAGES/L24_RANK6_STATE_CONTRACTION_PAYLOAD_2026-10-04/README.md,2155,ec3483719b3d6dab6a3aad8dc7de97992aa180b9b26f02149ea535db595e1d91
01_SOURCE_PACKAGES/L24_RANK6_STATE_CONTRACTION_PAYLOAD_2026-10-04/code/build_precontraction_payload.py,7474,25af211aedbeae22bb72ebcf81133f852932f9982cb363f4785a0565acd865e8
01_SOURCE_PACKAGES/L24_RANK6_STATE_CONTRACTION_PAYLOAD_2026-10-04/code/check_physical_payload_completion.py,2879,36ec96668e1356a87f62b65a243fe18bda64f7c1cc1be1a7301035dbbe596bf7
01_SOURCE_PACKAGES/L24_RANK6_STATE_CONTRACTION_PAYLOAD_2026-10-04/code/source_boundary_provider.py,29525,d75c009d836a2fc74851caa132b5844c6ad80390aff9fbb0ab697e2d2211bd35
01_SOURCE_PACKAGES/L24_RANK6_STATE_CONTRACTION_PAYLOAD_2026-10-04/code/source_certified_causal_cone_rank6.py,17513,781e13615228c7f131ce97709d71210da7bd2bb59006ce99749ec5e60ef73d47
01_SOURCE_PACKAGES/L24_RANK6_STATE_CONTRACTION_PAYLOAD_2026-10-04/code/source_localized_riesz_kato.py,11471,d7a2e185f77db2e01e89f8a77b7423752772964efcee7c32d5d741c46bb3f685
01_SOURCE_PACKAGES/L24_RANK6_STATE_CONTRACTION_PAYLOAD_2026-10-04/components/C10_R12_LAYERED_DAG.npz,180023,2d0e15524254216f9890ca2ec6d8b93159ca7414d0fe3a940d546d5c4ba9cfcb
01_SOURCE_PACKAGES/L24_RANK6_STATE_CONTRACTION_PAYLOAD_2026-10-04/components/C10_R12_SHELL_GEOMETRY_CERTIFICATE.json,5823,b4fa7c8c4a9226919002f74a58d4430eb831bd5cdf69e09c4d15c807fe277893
01_SOURCE_PACKAGES/L24_RANK6_STATE_CONTRACTION_PAYLOAD_2026-10-04/components/C10_SHELL_PLANE_SWEEP_CERTIFICATE.json,2067,97920b56a2397160cf2f7ceedc8fbb68ff5af8cc799456d73aa3c2cb86e093c2
01_SOURCE_PACKAGES/L24_RANK6_STATE_CONTRACTION_PAYLOAD_2026-10-04/components/C10_SHELL_R10_PLANE_SWEEP_IR.npz,173547,cb3ffd68d25be78d5963d2bb33800921a2c2b33f313db5566d7cf2231d9abebc
01_SOURCE_PACKAGES/L24_RANK6_STATE_CONTRACTION_PAYLOAD_2026-10-04/components/C10_SHELL_R11_PLANE_SWEEP_IR.npz,209048,f5f7cd38299627300308ef6002e7eca43848e7119f99fe5f00db83f60e9cac9a
01_SOURCE_PACKAGES/L24_RANK6_STATE_CONTRACTION_PAYLOAD_2026-10-04/components/C10_SHELL_R12_PLANE_SWEEP_IR.npz,250705,9357491536a813b7d9f10b27fb36aa2a325fc40455f3a8e276e77bcdac16de6a
01_SOURCE_PACKAGES/L24_RANK6_STATE_CONTRACTION_PAYLOAD_2026-10-04/components/C9_L24_STRICT_EXECUTION_GATE_RECHECK_2026-10-04.json,2767,e8ea3a3f5ee572a4e59d9fa4948432026cf00d6124dc5b9b1815cc44bb3ee4a0
01_SOURCE_PACKAGES/L24_RANK6_STATE_CONTRACTION_PAYLOAD_2026-10-04/components/L24_N9_CHARGED_LOCAL_BLOCKS_DETERMINISTIC.json,4090,6000ff5c90326dcfb2cdbb95b9ad59a0112ba2c784e81d483444b7e15a47e8cd
01_SOURCE_PACKAGES/L24_RANK6_STATE_CONTRACTION_PAYLOAD_2026-10-04/components/L24_N9_EXACT_CHARGED_LOCAL_LAYER.json,5186,b54fe90e6bb344e53865be833e72fe2652a7a1f40eadd2de02fe075cea83cb1f
01_SOURCE_PACKAGES/L24_RANK6_STATE_CONTRACTION_PAYLOAD_2026-10-04/components/L24_N9_EXACT_GLOBAL_FIRST_KATO_TANGENT_REEXEC_2026-10-04.json,1256,7a7fd59af6ffe9f5631efb5eefa8aee092dd8c99c60955daa8d9604433e6356e
01_SOURCE_PACKAGES/L24_RANK6_STATE_CONTRACTION_PAYLOAD_2026-10-04/components/L24_N9_EXACT_GLOBAL_FIRST_KATO_TANGENT_REEXEC_2026-10-04.npz,381409,06a0cfe996b06cbf596727b0fdd672e8bddde985ef085f8987d211641b2355bb
01_SOURCE_PACKAGES/L24_RANK6_STATE_CONTRACTION_PAYLOAD_2026-10-04/components/L24_N9_EXACT_SECOND_ORDER_KATO_SEED_REEXEC_2026-10-04.json,80711,6f821a2505fb11c2bfad10760f73ca510df3b28872f8fe5b9791d8972027a272
01_SOURCE_PACKAGES/L24_RANK6_STATE_CONTRACTION_PAYLOAD_2026-10-04/components/L24_N9_EXACT_SU2_SECOND_KRYLOV_CONNECTED_FROM_CLASSES.json,1259,679473752c76287c13dac22cc49b5c4ffc961f16862453a1c68c09631b06d80e
01_SOURCE_PACKAGES/L24_RANK6_STATE_CONTRACTION_PAYLOAD_2026-10-04/components/L24_N9_EXACT_SU2_SECOND_KRYLOV_CONNECTED_FROM_CLASSES.npz,601471,2fef7d23ca5116e1bb87d8b943da8d83a15b61fad4313fd72e2e4b572e4e96e3
01_SOURCE_PACKAGES/L24_RANK6_STATE_CONTRACTION_PAYLOAD_2026-10-04/components/N9_RELATIVE_CONE_IR.npz,265798,42b844f8228e4e66c256a8037ceea16cf1e342c7250d30c9d4dcb2d8a80eb5d9
01_SOURCE_PACKAGES/L24_RANK6_STATE_CONTRACTION_PAYLOAD_2026-10-04/components/QICT_LATTICE_ACTION_FREEZE_V3.canonical.json,1781,c22ff80fcb94204984a65debf7e5636ef1d4e6caad89cf8fd6934dfdb8f684b7
01_SOURCE_PACKAGES/L24_RANK6_STATE_CONTRACTION_PAYLOAD_2026-10-04/schemas/PHYSICAL_L24_PAYLOAD_CONTRACT.json,2467,d2ed1d412872f88fa7a93dc168af70662733504de8d625376e4349f6232f0230
01_SOURCE_PACKAGES/QICT_FINAL_RIESZ_KATO_G2_2026-10-04/certificates/BOUNDARY_CONDITIONED_UCONE_KERNEL_CERT.json,1504,ba9ed9427b7341516dd62fcd66eb3df836dce07fe870de2c77fb74c8a816e348
01_SOURCE_PACKAGES/QICT_FINAL_RIESZ_KATO_G2_2026-10-04/certificates/BOUNDARY_CONDITIONED_UCONE_KERNEL_L24.npz,9700,bfd7ebfaf0d929fbda2e1a6321c89ac1e895a6bfd7e4648141a55233ed31d7fd
01_SOURCE_PACKAGES/QICT_FINAL_RIESZ_KATO_G2_2026-10-04/certificates/BOUNDARY_CONDITIONED_UCONE_PROVIDER_SELFTEST.json,824,ac7c0ad42eecf95a5e7e2147587b4f6a88f2c596774f7ab5439250ecf618ee49
01_SOURCE_PACKAGES/QICT_FINAL_RIESZ_KATO_G2_2026-10-04/certificates/COMMON_HAAR_DIAMOND_SCHEDULE.json,230948,79fc331cfccd2f1399a4b159935b9b314b3e071be68ddbc9518fbe39c2e24101
01_SOURCE_PACKAGES/QICT_FINAL_RIESZ_KATO_G2_2026-10-04/certificates/DIAMOND_ORDER.json,1825,5d902a70f84c9bbbcc85fa90a4ed2066e142b0080160f6b80f65d36c74a8c1c3
01_SOURCE_PACKAGES/QICT_FINAL_RIESZ_KATO_G2_2026-10-04/certificates/NESTED_KATO_BUFFER_GEOMETRY_CERT.json,1803,aaf3a84b469a7f616cf830e71afce7e119b5e33dcb9b8d03ef8aa2cbfedbff6a
01_SOURCE_PACKAGES/QICT_FINAL_RIESZ_KATO_G2_2026-10-04/certificates/NESTED_KATO_BUFFER_GEOMETRY_L24.npz,60028,ba51521d189f2cc6046f57dd9756d9a4c05d98506061bd28304540698336b4de
01_SOURCE_PACKAGES/QICT_FINAL_RIESZ_KATO_G2_2026-10-04/certificates/PHYSICAL_G2_ACCEPTANCE.exitcode,2,1121cfccd5913f0a63fec40a6ffd44ea64f9dc135c66634ba001d10bcf4302a2
01_SOURCE_PACKAGES/QICT_FINAL_RIESZ_KATO_G2_2026-10-04/certificates/PHYSICAL_G2_ACCEPTANCE.json,1105,2791970f4a4d685e5ba8e27f104a97d1852eb1d1976a014cdab5da312612adff
01_SOURCE_PACKAGES/QICT_FINAL_RIESZ_KATO_G2_2026-10-04/certificates/SPLIT_CHARGED_PAIR_L_CERT.json,1053,cee3fe88745337075bd2ccf69551ce63637a453efe60935f1a3d30580e2e2e3f
01_SOURCE_PACKAGES/QICT_FINAL_RIESZ_KATO_G2_2026-10-04/certificates/SPLIT_CHARGED_PAIR_R_CERT.json,1053,9485c91adb1b11b432c05d32fd2d43942bbeab3d927367fc8e7383d0d2126b3a
01_SOURCE_PACKAGES/QICT_FINAL_RIESZ_KATO_G2_2026-10-04/certificates/SU2_B0_ISOLATED_KATO_CERT.json,374990,4d9d98b4d01ee185e67a92c95b0d42e8c0ea15ee3763d5797df9cbe0d4733374
01_SOURCE_PACKAGES/QICT_FINAL_RIESZ_KATO_G2_2026-10-04/certificates/SU2_B0_ISOLATED_KATO_STATES.npz,2656,8b9467858d545e9c902d25a374b2ab02a29fdad6da85e77874b9cd677bb6de8b
01_SOURCE_PACKAGES/QICT_FINAL_RIESZ_KATO_G2_2026-10-04/certificates/SU2_B0_ISOLATED_RIESZ_KATO.npz,19475,aa3baceb42f41720a2c3ba392cdfb31593e12f2df2b3a7c09f0371d94c323e13
01_SOURCE_PACKAGES/QICT_FINAL_RIESZ_KATO_G2_2026-10-04/certificates/SU2_B0_ISOLATED_RIESZ_KATO_CERT.json,805,2b2a66bad87beb8a116403e3782028580b6a1fd54defb0e0b6029307d9bbdbca
01_SOURCE_PACKAGES/QICT_FINAL_RIESZ_KATO_G2_2026-10-04/certificates/SU2_B0_MPS_PROJECTED_MATRIX_J30.npz,11130,5fca01ef4ed637c90051801edaf6b381d9326f2fdd38b26f534c25595991932d
01_SOURCE_PACKAGES/QICT_FINAL_RIESZ_KATO_G2_2026-10-04/certificates/SU2_B0_MPS_PROJECTED_MATRIX_J30_CERT.json,814,0198ceb2f3fcf1460dcfe3ba7e2cb65c2551b253a017df47c9192f7c9445e4e8
01_SOURCE_PACKAGES/QICT_FINAL_RIESZ_KATO_G2_2026-10-04/certificates/SU2_GATE3_EXACT_OVERLAY_CERTIFICATE.json,9790,4e78611f0702ab6e3dbcfbae2cea1f19a59fe716ea18a3a3b412e472267ecf64
01_SOURCE_PACKAGES/QICT_FINAL_RIESZ_KATO_G2_2026-10-04/certificates/SU2_GATE3_GLOBAL_NORM_CERT.json,12584,f27916a2e43e961efd5ded66a067cbf3bd01a7e62430fed3fe08fb2f7fb27b0b
01_SOURCE_PACKAGES/QICT_FINAL_RIESZ_KATO_G2_2026-10-04/certificates/U1_B0_COMPONENT_KATO_CERT.json,409264,54dc473cabe78600036dca2567b585ee06deca2d54a106b120d4631b998e97db
01_SOURCE_PACKAGES/QICT_FINAL_RIESZ_KATO_G2_2026-10-04/certificates/U1_B0_COMPONENT_KATO_STATES.npz,6327,e4e65bb0818a4a6ea07740b1004577f9c74adc15c29eb23b836f915abbda94be
01_SOURCE_PACKAGES/QICT_FINAL_RIESZ_KATO_G2_2026-10-04/certificates/U1_B0_RIESZ_KATO_CERT.json,2539,1d3d7e77c871b9a0f6d239d4848c70ef53b05e43cd8ae80962091f23554c3fee
01_SOURCE_PACKAGES/QICT_FINAL_RIESZ_KATO_G2_2026-10-04/certificates/U1_B0_RIESZ_KATO_COMPONENTS.npz,20404,a9af16524c61627bff73ae60e77c9b0b92c2aa3278e80bd972c5c497e082e2b1
01_SOURCE_PACKAGES/QICT_FINAL_RIESZ_KATO_G2_2026-10-04/certificates/U1_GATE3_CORRECT_NORM_CERT.json,1129,8934f40eb87dbabb92a9952cd7d5ee37665c301991cbba06822804d07c1fa128
01_SOURCE_PACKAGES/QICT_FINAL_RIESZ_KATO_G2_2026-10-04/certificates/U1_GATE4_INERT_FASTPATH_VALIDATION.json,181,c5928063ba25d8417d1505500a0682f1bd52124f46dbfc775de13ba9ffa5560b
01_SOURCE_PACKAGES/QICT_FINAL_RIESZ_KATO_G2_2026-10-04/certificates/U1_L_GATE4_TERMINAL_CLOSURE_CERT.json,529,5a7035f6e6a7f5a7480625c2b70ee852342b44540ce616c23450a16c1b250114
01_SOURCE_PACKAGES/QICT_FINAL_RIESZ_KATO_G2_2026-10-04/code/g2_physical_acceptance_gate.py,1933,eef7af3d6c03424b5cae6d55ac4131ad6a93184d584f77da8e5f8a76a081cca4
01_SOURCE_PACKAGES/QICT_FINAL_RIESZ_KATO_G2_2026-10-04/code/matrix_free_riesz_kato.py,4773,c3c5d84e9e463d79697202df6621cd607f47fb65f08f6b4faaee715ce48ae65a
01_SOURCE_PACKAGES/QICT_FINAL_RIESZ_KATO_G2_2026-10-04/g2_control/C11_G2_CONTROL.json,4630,2c8b8a5e82d395b2ddcfad040083e6b1c142b1696e3de5ff83efa85a9a532065
01_SOURCE_PACKAGES/QICT_FINAL_RIESZ_KATO_G2_2026-10-04/g2_control/FINAL_G2_STATUS.json,807,62596107830c5ed23e69d95c267aaf74eec1cedbcc04acbded7af5e2b964d5f5
01_SOURCE_PACKAGES/QICT_FINAL_RIESZ_KATO_G2_2026-10-04/g2_control/G2_CONTROL_DATA.npz,576808,14fa23158a8530e37ac6b003e8f349588c13329ff71e04c749b2febabc4fd126
01_SOURCE_PACKAGES/QICT_FINAL_RIESZ_KATO_G2_2026-10-04/g2_control/G2_CONTROL_EVALUATION.json,5641,eb950fe54f124aa8db3a3291ffaac907b2131e4a8729c5e70df897bb72ccd6f6
01_SOURCE_PACKAGES/QICT_FINAL_RIESZ_KATO_G2_2026-10-04/g2_control/G2_EDGE_CONVERGENCE.csv,1336,9d31a413ebf0074a377660a250f365e2a4d5021d3188ff5b275a8ab50965116d
01_SOURCE_PACKAGES/QICT_FINAL_RIESZ_KATO_G2_2026-10-04/riesz_kato/B0_FACTORIZED_GAUGE_RIESZ_CONTROL.npz,31374,ddcbc87a9e31dda80364e27278df144702fcefacad6b1c7c7c50640848ff15e3
01_SOURCE_PACKAGES/QICT_FINAL_RIESZ_KATO_G2_2026-10-04/riesz_kato/B0_FACTORIZED_GAUGE_RIESZ_CONTROL_CERT.json,3158,579e9c6d83331c387b1c56183bf9d573c1a4f7b1d57bc09ffbb54888355fbc31
01_SOURCE_PACKAGES/QICT_KATO_C10_NINE_MASS_EXECUTION_2026-10-01/README_EXECUTE.md,1905,c8b15e5a449fce9e2c593ee45b2e80a785452eed4a48f6f48923fc6e738385cf
01_SOURCE_PACKAGES/QICT_KATO_C10_NINE_MASS_EXECUTION_2026-10-01/SHA256SUMS.txt,1175,44bf0cf0aeaf07b6f119df053543fbb7d46162cc9a048462b60ac0a1c4260f03
01_SOURCE_PACKAGES/QICT_KATO_C10_NINE_MASS_EXECUTION_2026-10-01/code/extract_nine_masses.py,4054,4678c91dcde555c37c47ec676fc97ab5d5cbd97df59378a74e473ef174e9b5f7
01_SOURCE_PACKAGES/QICT_KATO_C10_NINE_MASS_EXECUTION_2026-10-01/code/validate_kato_c10.py,2722,1e195101d5d8fa683ca1a7f595d0634fb9043175b05696247befcc0b8d057e05
01_SOURCE_PACKAGES/QICT_KATO_C10_NINE_MASS_EXECUTION_2026-10-01/docs/STATUS.md,603,3a6fb97fa94c328f2c05df13a1d880096446d974914969785e4dbfe09f6b1ed3
01_SOURCE_PACKAGES/QICT_KATO_C10_NINE_MASS_EXECUTION_2026-10-01/input/G2_NINE_FLAVOR_PAYLOAD.template.json,1782,a066e100502955db6a3e9f77e85bc2a505d734f79461846bae59fc5a998012bf
01_SOURCE_PACKAGES/QICT_KATO_C10_NINE_MASS_EXECUTION_2026-10-01/input/KATO_STRICT_K0_K12_48_CP.npz,1779674,de50451e391ab4343fea9706e5199024370a6ff65e9c9e2db152ca154b32aea6
01_SOURCE_PACKAGES/QICT_KATO_C10_NINE_MASS_EXECUTION_2026-10-01/input/QICT_LATTICE_ACTION_FREEZE_V3.canonical.json,1781,c22ff80fcb94204984a65debf7e5636ef1d4e6caad89cf8fd6934dfdb8f684b7
01_SOURCE_PACKAGES/QICT_KATO_C10_NINE_MASS_EXECUTION_2026-10-01/input/TASK3_PHYSICAL_FULL_PASS_CONSOLIDATED_2026-09-28.zip,17615,5e88cc98b7412862b790a387125836366b7cfe49fb72855759614623a18f2b79
01_SOURCE_PACKAGES/QICT_KATO_C10_NINE_MASS_EXECUTION_2026-10-01/requirements.txt,12,a83a2a4ed7ab2e022b9b8a83cfa2b8cf52cc243006c597e8b96f90a8365590ac
01_SOURCE_PACKAGES/QICT_KATO_C10_NINE_MASS_EXECUTION_2026-10-01/results/PREFLIGHT_STATUS.json,1073,c2be477d95a8f8bbac51384dbd06508d4399cc6d2f46ad51f89a7e1c34a7df88
01_SOURCE_PACKAGES/QICT_KATO_C10_NINE_MASS_EXECUTION_2026-10-01/run_all.sh,835,c33e003e22b8b057b9c30f044c9617dd583f75cfc18b4b59428655a53979f33f
01_SOURCE_PACKAGES/QICT_OBSERVABLE_FIRST_HPC_FINALIZER_V2_2026-10-04/EXTERNAL_HPC_TASK_SPEC.json,2536,bf7c99834b36edcd3ce7bcd01a037986e6fdeb1a82124182248e747310ecba42
01_SOURCE_PACKAGES/QICT_OBSERVABLE_FIRST_HPC_FINALIZER_V2_2026-10-04/FINAL_EXECUTION_STATUS.json,3736,012de36dd591d496b000184662244eb60d52edb0e8b9d7f4e906b3cb5d089406
01_SOURCE_PACKAGES/QICT_OBSERVABLE_FIRST_HPC_FINALIZER_V2_2026-10-04/MANIFEST_SHA256.json,8092,177d4740af4f50f6b2a3d0dead40813e16a5e718713564c077dd69ad5e8dc75a
01_SOURCE_PACKAGES/QICT_OBSERVABLE_FIRST_HPC_FINALIZER_V2_2026-10-04/PHYSICAL_INPUT_CONTRACT_L24.json,1941,72f19cff5b4586b93fb541aa9b19cf6b7fcda4631f3a98ae86f90e1c70a5dfb8
01_SOURCE_PACKAGES/QICT_OBSERVABLE_FIRST_HPC_FINALIZER_V2_2026-10-04/README.md,3980,d47692ded8af1e750d4d31aa2f0a27f1b244baeb177d6f91e9e09de2fc1d29ae
01_SOURCE_PACKAGES/QICT_OBSERVABLE_FIRST_HPC_FINALIZER_V2_2026-10-04/RESOURCE_POLICY.json,605,55fca0e844ca6c71d31da6cf5a1eb2a85a32da7aef5e15346bb51027d74b437f
01_SOURCE_PACKAGES/QICT_OBSERVABLE_FIRST_HPC_FINALIZER_V2_2026-10-04/STEP4_STRICT_CHECKPOINT_MANIFEST.json,808,567e897bd2370a3c786755952ee9b71fe3cbe64c16380d4d34239b2ff81a90e6
01_SOURCE_PACKAGES/QICT_OBSERVABLE_FIRST_HPC_FINALIZER_V2_2026-10-04/VOLUME_SCHEDULE.json,532,9adf9dc4394aa8b5d3d5974a4c6245c90a6c246b9ba0355a0b20c52a5495a6ae
01_SOURCE_PACKAGES/QICT_OBSERVABLE_FIRST_HPC_FINALIZER_V2_2026-10-04/code/c11/c11_block_pencil.py,3912,bba91d0d9e7e9c1708d31ad6bc3bd2303629101fc415d43e84aefede83d3d506
01_SOURCE_PACKAGES/QICT_OBSERVABLE_FIRST_HPC_FINALIZER_V2_2026-10-04/code/c11/c11_error_certified_positivity.py,7161,4911d41a4862bc347873dab73a8eec6b5d92c29516790e9eafccb0881d0d2ed6
01_SOURCE_PACKAGES/QICT_OBSERVABLE_FIRST_HPC_FINALIZER_V2_2026-10-04/code/c11/c11_support_complexity_certificate.py,5070,524c2e3bdc3e2c50c2cf787ccc18e3856210d16c0f3aabdf0748b8a749a77149
01_SOURCE_PACKAGES/QICT_OBSERVABLE_FIRST_HPC_FINALIZER_V2_2026-10-04/code/check_physical_directory.py,822,119c9047ddbfaeae9ee53e03b58af9103397238c800bb2e21e936f810c07910b
01_SOURCE_PACKAGES/QICT_OBSERVABLE_FIRST_HPC_FINALIZER_V2_2026-10-04/code/compute_cn6_matrix_free.py,7413,110ab7ea1fc4d80e6ffa5b1d7e34163b9b8e0e9e73f517fb70f02a36bbb2dc07
01_SOURCE_PACKAGES/QICT_OBSERVABLE_FIRST_HPC_FINALIZER_V2_2026-10-04/code/g2_physical_acceptance_gate.py,1933,eef7af3d6c03424b5cae6d55ac4131ad6a93184d584f77da8e5f8a76a081cca4
01_SOURCE_PACKAGES/QICT_OBSERVABLE_FIRST_HPC_FINALIZER_V2_2026-10-04/code/memory_guard.py,2172,8ce7e357d30318499dfe253500b9666dfaec00f70c6abd36257f65f3e1ef4d7d
01_SOURCE_PACKAGES/QICT_OBSERVABLE_FIRST_HPC_FINALIZER_V2_2026-10-04/code/provider_contract.py,2002,8e57a5df74d8b3111674ec46e66164f598a79c35959a7c13585f44dfd714f4ed
01_SOURCE_PACKAGES/QICT_OBSERVABLE_FIRST_HPC_FINALIZER_V2_2026-10-04/code/run_all_volumes.py,2028,62f5ca03ade98923b5797c22d0c3dd6a9a61d111a0e000e914e43daae51a1bfd
01_SOURCE_PACKAGES/QICT_OBSERVABLE_FIRST_HPC_FINALIZER_V2_2026-10-04/code/run_c11_after_cn6.py,2740,b45fb33584f1c45501f85e91bfc217e8fcbe593bfa13c9e1f0034edbe2e8da0b
01_SOURCE_PACKAGES/QICT_OBSERVABLE_FIRST_HPC_FINALIZER_V2_2026-10-04/code/run_pipeline.py,1284,206088c6954e9aea27aabe7564cae2e2a97ddd3588fe979dee424b24245b793b
01_SOURCE_PACKAGES/QICT_OBSERVABLE_FIRST_HPC_FINALIZER_V2_2026-10-04/code/verify_step4_strict.py,1001,13b12efd29b0d70213f0a8fde9d5daacf10b130f1602a45bf9fd2cff0bce4887
01_SOURCE_PACKAGES/QICT_OBSERVABLE_FIRST_HPC_FINALIZER_V2_2026-10-04/examples/SYNTHETIC_PROVIDER.py,420,e14b296c696e9eda2d2277fd62b1a5e1b325f5c512fd8e05fef06ba41f639c09
01_SOURCE_PACKAGES/QICT_OBSERVABLE_FIRST_HPC_FINALIZER_V2_2026-10-04/providers/README.md,538,2e0d6c756e8ca9ec254dd17fb68c860fe60a0fb1bf4811487c9a3f2e18ca2c86
01_SOURCE_PACKAGES/QICT_OBSERVABLE_FIRST_HPC_FINALIZER_V2_2026-10-04/results/G2_ACCEPTANCE_GATE_TEST.json,1105,2791970f4a4d685e5ba8e27f104a97d1852eb1d1976a014cdab5da312612adff
01_SOURCE_PACKAGES/QICT_OBSERVABLE_FIRST_HPC_FINALIZER_V2_2026-10-04/results/MEMORY_GUARD_SMOKE.json,350,dc725a9e10799417e3c61052f18eeecb2f842bc35b951e5c32c05af7564b9d51
01_SOURCE_PACKAGES/QICT_OBSERVABLE_FIRST_HPC_FINALIZER_V2_2026-10-04/results/PHYSICAL_DIR_PREFLIGHT.json,320,d74bbb68639f3ffd8acd66e9449f983b259904fa3e781b785f04b5541c701482
01_SOURCE_PACKAGES/QICT_OBSERVABLE_FIRST_HPC_FINALIZER_V2_2026-10-04/results/current_physical/G2_PHYSICAL_ACCEPTANCE.json,1105,2791970f4a4d685e5ba8e27f104a97d1852eb1d1976a014cdab5da312612adff
01_SOURCE_PACKAGES/QICT_OBSERVABLE_FIRST_HPC_FINALIZER_V2_2026-10-04/results/current_physical/MULTIVOLUME_SOFTWARE_CHAIN_STATUS.json,1268,6e92deff22d75764eaeee7601056c4c4679014df190abe9b9d67390c593f1239
01_SOURCE_PACKAGES/QICT_OBSERVABLE_FIRST_HPC_FINALIZER_V2_2026-10-04/results/current_physical/PIPELINE_STATUS.json,256,fa255e5aaab98f078f1fefd5456bb0395888dbd96f4e2c1c26247a053eafe7d1
01_SOURCE_PACKAGES/QICT_OBSERVABLE_FIRST_HPC_FINALIZER_V2_2026-10-04/results/synthetic_c11/C11_BLOCK_PENCIL_DIAGNOSTIC_L24.json,4615,bb884161eac2c1718f00e488c736357e4a806758f78a9dbb2abe9d09a5775a43
01_SOURCE_PACKAGES/QICT_OBSERVABLE_FIRST_HPC_FINALIZER_V2_2026-10-04/results/synthetic_c11/C11_GATE_L24.json,718,f0f603c1081f5cce2d954689dc9f6ece73c3825f0833cd16b66be8bcdea08f5b
01_SOURCE_PACKAGES/QICT_OBSERVABLE_FIRST_HPC_FINALIZER_V2_2026-10-04/results/synthetic_c11/C11_RIGOROUS_POSITIVITY_L24.json,867,bee16baaf6109ae4bad474634a9f2fde7e54e68f71fa47006f689343d96b1378
01_SOURCE_PACKAGES/QICT_OBSERVABLE_FIRST_HPC_FINALIZER_V2_2026-10-04/results/synthetic_c11/C11_SUPPORT_COMPLEXITY_DIAGNOSTIC_L24.json,4349,cefadb97d44d09f3e44ae707b0c7b2eb980842917e5c15a24ed6ba5443456b85
01_SOURCE_PACKAGES/QICT_OBSERVABLE_FIRST_HPC_FINALIZER_V2_2026-10-04/results/synthetic_c11/CN6_ERROR_CERTIFICATE_L24.json,538,eaf69f0932d46a591617c7c7c5fd18672615cfbbbf1db18df60aeb712852ac81
01_SOURCE_PACKAGES/QICT_OBSERVABLE_FIRST_HPC_FINALIZER_V2_2026-10-04/results/synthetic_c11/CN6_MOMENTS_L24.npz,1292,c0c2a0b79b8a2a2f68d62618099febd0283634a0c4829e878154950f45f4b770
01_SOURCE_PACKAGES/QICT_OBSERVABLE_FIRST_HPC_FINALIZER_V2_2026-10-04/templates/CN6_ERROR_CERTIFICATE_TEMPLATE.json,336,01033b16a887c4547e934ec8668137937aa74322331892aaaa13dce24a41cc82
01_SOURCE_PACKAGES/QICT_OBSERVABLE_FIRST_HPC_FINALIZER_V2_2026-10-04/templates/G2_VOLUME_RESULT_TEMPLATE.json,196,706bedd5269e2a8fb724e6f6343c63d61aa647336e50ad4007163bd71bdcafdc
01_SOURCE_PACKAGES/QICT_OBSERVABLE_FIRST_HPC_FINALIZER_V2_2026-10-04/templates/GLOBAL_CHARGED_UCONE_PROVIDER_TEMPLATE.py,1122,e27071b4ebd0ba70d26b403f011ae132a9dc7a0ff698db74646b2a0553a114a1
01_SOURCE_PACKAGES/QICT_OBSERVABLE_FIRST_HPC_FINALIZER_V2_2026-10-04/templates/MULTIVOLUME_G2_LIMIT_CERTIFICATE_TEMPLATE.json,230,4eaf79fec84f4523288dfa21792c32a20845f8adf68ba09bd18edc3d9085e006
01_SOURCE_PACKAGES/QICT_OBSERVABLE_FIRST_HPC_FINALIZER_V2_2026-10-04/templates/SPECTRAL_SUPPORT_CERTIFICATE_TEMPLATE.json,247,c4efa5a7ae855e7507a52f8169c7c9163ae2ddae3477fb44f06a3ea985004207
01_SOURCE_PACKAGES/QICT_PHYSICAL_G2_READY_2026-10-04/FINAL_SCIENTIFIC_STATUS.json,2305,fe949427d796c5e235924d6b3a0da549132783b34ee186de769b1d67e16ea9b1
01_SOURCE_PACKAGES/QICT_PHYSICAL_G2_READY_2026-10-04/MANIFEST_SHA256.json,3165,88ff304fe20617413caaff7eb92d07359c4dee3a55597cefabd0510e325bd2ba
01_SOURCE_PACKAGES/QICT_PHYSICAL_G2_READY_2026-10-04/NEXT_STAGE_FAIL_CLOSED_DEMO.json,1162,b90fc838831e005f89db89bb2ef9bc3eee18d45c6fa93361d177ffb0a5e31113
01_SOURCE_PACKAGES/QICT_PHYSICAL_G2_READY_2026-10-04/PHYSICAL_INPUT_CONTRACT_L24.json,1941,72f19cff5b4586b93fb541aa9b19cf6b7fcda4631f3a98ae86f90e1c70a5dfb8
01_SOURCE_PACKAGES/QICT_PHYSICAL_G2_READY_2026-10-04/README.md,2075,34893cb51bb452110aed449da0b4ed8b8c6bdaf2d795bd220ee8a4a8fb1b49cc
01_SOURCE_PACKAGES/QICT_PHYSICAL_G2_READY_2026-10-04/STEP4_STRICT_CHECKPOINT_MANIFEST.json,808,567e897bd2370a3c786755952ee9b71fe3cbe64c16380d4d34239b2ff81a90e6
01_SOURCE_PACKAGES/QICT_PHYSICAL_G2_READY_2026-10-04/certificates/APPLY_CHAR_8973_FAST_EQUIVALENCE.json,351,7a0345b3edb6e1a19eea37db6975e57ec01b4f4c13b4f5095080b00a38194fbe
01_SOURCE_PACKAGES/QICT_PHYSICAL_G2_READY_2026-10-04/certificates/STEP3_COVERAGE_CERTIFICATE.json,130,d68579dff81076c43adb9f509f9120c6464d8f1f4636aded8bcd1c839942ed60
01_SOURCE_PACKAGES/QICT_PHYSICAL_G2_READY_2026-10-04/certificates/STEP4_ADAPTIVE_PLAN.json,1983,9766f0e58fc8491c4ec38217dd3875f83c58549a5824d5984b778a42138022e0
01_SOURCE_PACKAGES/QICT_PHYSICAL_G2_READY_2026-10-04/certificates/STEP4_STRICT_EXTERNAL_CERTIFICATE.json,61032,8c8dd230346135121b4fdd10eecfa287a5dd663f5dbac4e0115e9a4a4007c16e
01_SOURCE_PACKAGES/QICT_PHYSICAL_G2_READY_2026-10-04/code/certified_causal_cone_rank6.py,17513,781e13615228c7f131ce97709d71210da7bd2bb59006ce99749ec5e60ef73d47
01_SOURCE_PACKAGES/QICT_PHYSICAL_G2_READY_2026-10-04/code/charged_C10_Kato_boundary_tensor_and_recoupled_plaquette_block_provider.py,29525,d75c009d836a2fc74851caa132b5844c6ad80390aff9fbb0ab697e2d2211bd35
01_SOURCE_PACKAGES/QICT_PHYSICAL_G2_READY_2026-10-04/code/exact_matrix_moment_flat_extension.py,1926,41ef20e485c11a0e1123f31203ab98ff4cb495e15c9d944741a8223c82dafd84
01_SOURCE_PACKAGES/QICT_PHYSICAL_G2_READY_2026-10-04/code/generate_cn6_taskgraph.py,3854,5288df3fff20ff9875504b534e727eec141e65c03225fd62c0da8b638f915fbc
01_SOURCE_PACKAGES/QICT_PHYSICAL_G2_READY_2026-10-04/code/localized_riesz_kato.py,11471,d7a2e185f77db2e01e89f8a77b7423752772964efcee7c32d5d741c46bb3f685
01_SOURCE_PACKAGES/QICT_PHYSICAL_G2_READY_2026-10-04/preflight/CN6_PREFLIGHT_POST_STEP4.csv,356,95a9f8453627254188888895e9e110f0c2f33db6e62405b8552ba70491222874
01_SOURCE_PACKAGES/QICT_PHYSICAL_G2_READY_2026-10-04/preflight/CN6_PREFLIGHT_POST_STEP4.json,4842,999c83cbc7143a1a4dac10a489bbe274feaa6823f5f96eb312a7d6b75bed20b5
01_SOURCE_PACKAGES/QICT_PHYSICAL_G2_READY_2026-10-04/run_next_physical_stage.py,1878,71a7aa92c3a184a223d9e6c24f05c865350153b37540db44304ea3cc32c9a9be
01_SOURCE_PACKAGES/QICT_PHYSICAL_G2_READY_2026-10-04/verify_step4_strict.py,994,1bac03a77e411716bd4ee5890dce93d76150b78fc78208c933ebd967e9bce52d
03_REQUESTED_ELEMENTS/BOUNDARY_TO_PATH/STATUS.txt,105,c72c6972aa43c5ab5d03bff749df8a31967003186a744156428f2f57bfa954d3
03_REQUESTED_ELEMENTS/C10_SHELL_MAPS/STATUS.txt,163,54621cbda5cd83f53dedd136dfd558a1dab4bfc77224eee490054fb280d7396e
03_REQUESTED_ELEMENTS/CN6_MOMENTS/CN6_MOMENTS_L24.npz,1292,c0c2a0b79b8a2a2f68d62618099febd0283634a0c4829e878154950f45f4b770
03_REQUESTED_ELEMENTS/CN6_MOMENTS/STATUS.txt,182,55ed340cebf2eb9a8889f1cc39a73e1362c7215e6e5f374c5af968c0b14d078c
03_REQUESTED_ELEMENTS/CORE_RECOUPLING/STATUS.txt,193,a3a4939c0f66df2e2040387065a52d12392c7b2d7514437c8a400275b96871a6
03_REQUESTED_ELEMENTS/GLOBAL_CHARGED_UCONE/STATUS.txt,238,cb2717410c402a6e9f0fefe3580a7cd4c5c3ce839b6a337596b5ae5adebd879a
03_REQUESTED_ELEMENTS/KATO_BUFFER/FACTORIZED_B0_KATO_RIESZ_BUFFER.npz,35590,041320107465e325c6cf847e5d46c6af4b5eb90a0d32dc9967ae8bd47ccaa6c7
03_REQUESTED_ELEMENTS/KATO_BUFFER/FACTORIZED_B0_KATO_RIESZ_BUFFER_CERT.json,2637,63ba18cbc11737cbcba180870b853db602e7ade9ceae230c64a4ba665f32d358
03_REQUESTED_ELEMENTS/KATO_BUFFER/FACTORIZED_B0_KATO_RIESZ_BUFFER_J60.npz,65668,39087fc3d709f613bbb0445a3a3ffffd5f2ea26daff1f00f06d87507801895bc
03_REQUESTED_ELEMENTS/KATO_BUFFER/FACTORIZED_B0_KATO_RIESZ_BUFFER_J60_CERT.json,2604,f118e77d95a092b6d71a5dc6bf1fe04cdaf904948d4695c6994d131a5fbdbb74
03_REQUESTED_ELEMENTS/KATO_BUFFER/FACTORIZED_B0_KATO_RIESZ_BUFFER_J80_CLUSTER.npz,166631,83591b9dc411973137df4bb77d271d2b2d49aaae6d0dad89620bfa4f0e3e2fb3
03_REQUESTED_ELEMENTS/KATO_BUFFER/FACTORIZED_B0_KATO_RIESZ_BUFFER_J80_CLUSTER_CERT.json,2814,fc24ccc63f039eeddaf30ef6fed8aabd22c07bbbf1dec665f4b0c00b14e143fb
03_REQUESTED_ELEMENTS/KATO_BUFFER/NESTED_KATO_BUFFER_GEOMETRY_L24_V2_IRCANONICAL.npz,12094,a01b84f081628e43c74496ceed6f1f022534d9ea702db79aefede603dcaeac9a
03_REQUESTED_ELEMENTS/KATO_BUFFER/NESTED_KATO_BUFFER_GEOMETRY_V2_IRCANONICAL_CERT.json,2231,209eb93eedf6d420c2d92af8e93b0cde07b055fc8bd86528332c3e263ec86e1a
03_REQUESTED_ELEMENTS/KATO_BUFFER/STATUS.txt,218,b81ee21b766d141d1601142e8f7c73104865076089f305393a71ea3ad08f2c0b
03_REQUESTED_ELEMENTS/RANK6_EMBEDDING/STATUS.txt,173,939baef66f62f9baf1d34d00c929ac9ae1e73adde9a34b763b1d62449efb0b80
README.md,1893,7fb9fef05d58c6bf3918d248d4eacd9f99cbeb7d8ec35b4c29e0fa216ffdff95
REQUESTED_ELEMENTS_STATUS.json,1495,49d7dadc7da45f0365598605673878ed7ec737d49fc8f1598077a94b7f5e504e
